,mean_fit_time,std_fit_time,mean_score_time,std_score_time,param_bootstrap,param_max_depth,param_max_features,param_min_samples_leaf,param_min_samples_split,param_n_estimators,params,split0_test_score,split1_test_score,split2_test_score,split3_test_score,split4_test_score,mean_test_score,std_test_score,rank_test_score
97,1.5040024757385253,0.20976736988628705,0.07761778831481933,0.005342545090197661,True,80,sqrt,4,6,500,"OrderedDict([('bootstrap', True), ('max_depth', 80), ('max_features', 'sqrt'), ('min_samples_leaf', 4), ('min_samples_split', 6), ('n_estimators', 500)])",0.6299099836333879,0.5141162029459903,0.6307283142389526,0.4719721767594108,0.6912737799834575,0.5876000915122399,0.08144703898485164,1
79,1.187231683731079,0.24654399441802438,0.06408152580261231,0.01508183629352921,True,20,sqrt,6,6,500,"OrderedDict([('bootstrap', True), ('max_depth', 20), ('max_features', 'sqrt'), ('min_samples_leaf', 6), ('min_samples_split', 6), ('n_estimators', 500)])",0.6260229132569558,0.4977495908346973,0.6202945990180033,0.478518821603928,0.6987179487179487,0.5842607746863067,0.08343680599633976,2
122,1.414937686920166,0.20566844382041807,0.07525620460510254,0.0033262984946526583,True,120,sqrt,6,6,500,"OrderedDict([('bootstrap', True), ('max_depth', 120), ('max_features', 'sqrt'), ('min_samples_leaf', 6), ('min_samples_split', 6), ('n_estimators', 500)])",0.618657937806874,0.5,0.6235679214402619,0.48036006546644844,0.6987179487179488,0.5842607746863067,0.08212660571473239,2
107,2.303310441970825,0.08147842623172996,0.08872580528259277,0.006203406546800577,True,40,auto,8,3,1000,"OrderedDict([('bootstrap', True), ('max_depth', 40), ('max_features', 'auto'), ('min_samples_leaf', 8), ('min_samples_split', 3), ('n_estimators', 1000)])",0.621317512274959,0.486088379705401,0.6329787234042553,0.48915711947626844,0.6883788254755997,0.5835841120672967,0.08156892035237157,4
77,1.4161451816558839,0.11760052903060468,0.07686038017272949,0.005717404623822147,True,20,auto,2,2,500,"OrderedDict([('bootstrap', True), ('max_depth', 20), ('max_features', 'auto'), ('min_samples_leaf', 2), ('min_samples_split', 2), ('n_estimators', 500)])",0.601063829787234,0.5325286415711947,0.6078150572831424,0.4807692307692308,0.6943755169561622,0.5833104552733929,0.07258732820345437,5
27,2.0067922592163088,0.3825698513170794,0.07254128456115723,0.0043492395916192,True,60,auto,2,4,750,"OrderedDict([('bootstrap', True), ('max_depth', 60), ('max_features', 'auto'), ('min_samples_leaf', 2), ('min_samples_split', 4), ('n_estimators', 750)])",0.6082242225859247,0.5462356792144025,0.5998363338788871,0.46828968903436985,0.6939619520264682,0.5833095753480105,0.07448740817245188,6
74,1.3855659008026122,0.29730699035073826,0.06749095916748046,0.014644690580619844,True,20,auto,2,4,500,"OrderedDict([('bootstrap', True), ('max_depth', 20), ('max_features', 'auto'), ('min_samples_leaf', 2), ('min_samples_split', 4), ('n_estimators', 500)])",0.6082242225859247,0.5274140752864158,0.6033142389525368,0.4713584288052373,0.7036807278742763,0.5827983387008782,0.0789508706706289,7
123,3.269640254974365,0.3307766291156727,0.10884685516357422,0.0018506665491096299,True,20,auto,2,3,1250,"OrderedDict([('bootstrap', True), ('max_depth', 20), ('max_features', 'auto'), ('min_samples_leaf', 2), ('min_samples_split', 3), ('n_estimators', 1250)])",0.6094517184942717,0.5398936170212766,0.6057692307692308,0.4695171849427169,0.6879652605459057,0.5825194023546804,0.07344547896084962,8
43,1.845654344558716,0.35163871660037577,0.07420158386230469,0.008556667016775443,True,100,auto,4,4,750,"OrderedDict([('bootstrap', True), ('max_depth', 100), ('max_features', 'auto'), ('min_samples_leaf', 4), ('min_samples_split', 4), ('n_estimators', 750)])",0.6219312602291326,0.5192307692307692,0.619885433715221,0.4736088379705401,0.6774193548387096,0.5824151311968745,0.07459547382652272,9
104,2.8446924686431885,0.2533808909242282,0.09314975738525391,0.004187451997219585,True,80,auto,2,2,1000,"OrderedDict([('bootstrap', True), ('max_depth', 80), ('max_features', 'auto'), ('min_samples_leaf', 2), ('min_samples_split', 2), ('n_estimators', 1000)])",0.6262274959083469,0.5331423895253683,0.5988134206219313,0.464607201309329,0.6885856079404467,0.5822752230610845,0.07715829297544098,10
95,1.715187168121338,0.23524266039856503,0.08011488914489746,0.010783153915552835,True,80,auto,2,2,500,"OrderedDict([('bootstrap', True), ('max_depth', 80), ('max_features', 'auto'), ('min_samples_leaf', 2), ('min_samples_split', 2), ('n_estimators', 500)])",0.6149754500818331,0.5364157119476269,0.6037234042553192,0.4815875613747954,0.6743176178660051,0.5822039491051159,0.06669663610813972,11
42,1.9105403900146485,0.10308028582079529,0.09008798599243165,0.0071822912000816955,True,100,auto,4,4,750,"OrderedDict([('bootstrap', True), ('max_depth', 100), ('max_features', 'auto'), ('min_samples_leaf', 4), ('min_samples_split', 4), ('n_estimators', 750)])",0.623567921440262,0.5196399345335516,0.6139525368248773,0.46399345335515546,0.6896195202646817,0.5821546732837055,0.08018107138384631,12
45,1.8824833393096925,0.13757241372486895,0.09267587661743164,0.010870349604226413,True,100,auto,4,4,750,"OrderedDict([('bootstrap', True), ('max_depth', 100), ('max_features', 'auto'), ('min_samples_leaf', 4), ('min_samples_split', 4), ('n_estimators', 750)])",0.6204991816693944,0.5184124386252046,0.6290916530278232,0.45376432078559736,0.6881720430107526,0.5819879274237544,0.08421410825701368,13
125,2.8249017238616942,0.2901784506600378,0.09832382202148438,0.014732323530560806,True,,sqrt,2,3,1000,"OrderedDict([('bootstrap', True), ('max_depth', None), ('max_features', 'sqrt'), ('min_samples_leaf', 2), ('min_samples_split', 3), ('n_estimators', 1000)])",0.6067921440261865,0.5427577741407529,0.6006546644844517,0.4635842880523732,0.694995864350703,0.5817569470108934,0.076541034779364,14
19,2.0195178508758547,0.20351488885671545,0.08417553901672363,0.014619851405819942,True,120,auto,8,4,750,"OrderedDict([('bootstrap', True), ('max_depth', 120), ('max_features', 'auto'), ('min_samples_leaf', 8), ('min_samples_split', 4), ('n_estimators', 750)])",0.6143617021276596,0.4729950900163666,0.6419803600654664,0.4881342062193126,0.6912737799834575,0.5817490276824526,0.08634607698923343,15
63,3.603665256500244,0.16582937965482875,0.14894413948059082,0.020157531919692252,True,20,auto,2,4,1500,"OrderedDict([('bootstrap', True), ('max_depth', 20), ('max_features', 'auto'), ('min_samples_leaf', 2), ('min_samples_split', 4), ('n_estimators', 1500)])",0.6045417348608838,0.5376432078559737,0.61088379705401,0.4684942716857611,0.6865177832919769,0.5816161589497211,0.07364334222013424,16
25,2.042097234725952,0.39513500851878075,0.0734560489654541,0.0035057038133616903,True,120,auto,2,4,750,"OrderedDict([('bootstrap', True), ('max_depth', 120), ('max_features', 'auto'), ('min_samples_leaf', 2), ('min_samples_split', 4), ('n_estimators', 750)])",0.6037234042553191,0.541530278232406,0.6014729950900164,0.4682896890343699,0.6918941273779984,0.5813820987980219,0.07415355318898387,17
93,1.7021182537078858,0.24421303396357552,0.07762775421142579,0.008412833578939615,True,80,auto,2,2,500,"OrderedDict([('bootstrap', True), ('max_depth', 80), ('max_features', 'auto'), ('min_samples_leaf', 2), ('min_samples_split', 2), ('n_estimators', 500)])",0.611088379705401,0.5472585924713584,0.5953355155482815,0.460924713584288,0.6914805624483044,0.5812175527515266,0.07599091080130009,18
89,3.0851290225982666,0.5234491097217843,0.11659131050109864,0.0012772090234304176,True,120,auto,2,2,1250,"OrderedDict([('bootstrap', True), ('max_depth', 120), ('max_features', 'auto'), ('min_samples_leaf', 2), ('min_samples_split', 2), ('n_estimators', 1250)])",0.6135433715220949,0.5413256955810147,0.5977905073649755,0.462152209492635,0.6908602150537635,0.5811343998028967,0.07630074238477014,19
60,2.005790376663208,0.39955358847860034,0.08256464004516602,0.012783204557002648,True,20,auto,2,4,750,"OrderedDict([('bootstrap', True), ('max_depth', 20), ('max_features', 'auto'), ('min_samples_leaf', 2), ('min_samples_split', 4), ('n_estimators', 750)])",0.6037234042553191,0.5245499181669395,0.6078150572831423,0.4658346972176759,0.7036807278742763,0.5811207609594706,0.08091421034363251,20
148,2.476889133453369,0.459238139628521,0.09811921119689941,0.0010286074430386901,True,40,sqrt,8,3,1250,"OrderedDict([('bootstrap', True), ('max_depth', 40), ('max_features', 'sqrt'), ('min_samples_leaf', 8), ('min_samples_split', 3), ('n_estimators', 1250)])",0.5994271685761047,0.48261047463175116,0.641366612111293,0.4740180032733224,0.708023159636063,0.5810890836457069,0.09082310072860617,21
120,3.3458745956420897,0.3658427697648646,0.12810349464416504,0.029685292091591847,True,20,auto,2,3,1250,"OrderedDict([('bootstrap', True), ('max_depth', 20), ('max_features', 'auto'), ('min_samples_leaf', 2), ('min_samples_split', 3), ('n_estimators', 1250)])",0.6090425531914893,0.5370294599018003,0.611088379705401,0.462152209492635,0.6858974358974359,0.5810420076377524,0.07583319104778899,22
100,1.4809236526489258,0.025192213372967103,0.08248858451843262,0.00123185012102519,True,80,auto,2,2,500,"OrderedDict([('bootstrap', True), ('max_depth', 80), ('max_features', 'auto'), ('min_samples_leaf', 2), ('min_samples_split', 2), ('n_estimators', 500)])",0.6264320785597381,0.5210720130932897,0.6067921440261865,0.4615384615384615,0.6892059553349877,0.5810081305105328,0.08037444827984278,23
85,3.0581680297851563,0.5009660685101418,0.11491680145263672,0.0038862481642992015,True,120,auto,2,2,1250,"OrderedDict([('bootstrap', True), ('max_depth', 120), ('max_features', 'auto'), ('min_samples_leaf', 2), ('min_samples_split', 2), ('n_estimators', 1250)])",0.6006546644844518,0.5362111292962357,0.6022913256955811,0.477291325695581,0.6885856079404467,0.5810068106224593,0.07095889127482595,24
121,3.4913869380950926,0.36617656464492226,0.124951171875,0.0027104832248897653,True,20,sqrt,4,2,1500,"OrderedDict([('bootstrap', True), ('max_depth', 20), ('max_features', 'sqrt'), ('min_samples_leaf', 4), ('min_samples_split', 2), ('n_estimators', 1500)])",0.6059738134206218,0.5171849427168577,0.621317512274959,0.4719721767594108,0.6885856079404467,0.5810068106224592,0.07717938032069707,25
96,2.7958446025848387,0.2694043319527536,0.10277795791625977,0.011093021956310402,True,80,sqrt,2,3,1000,"OrderedDict([('bootstrap', True), ('max_depth', 80), ('max_features', 'sqrt'), ('min_samples_leaf', 2), ('min_samples_split', 3), ('n_estimators', 1000)])",0.6055646481178396,0.5435761047463176,0.599836333878887,0.46685761047463176,0.6885856079404467,0.5808840610316246,0.07343276960644102,26
53,3.4752713680267333,0.2567585167598971,0.1493072032928467,0.029020725953579112,True,20,sqrt,2,4,1500,"OrderedDict([('bootstrap', True), ('max_depth', 20), ('max_features', 'sqrt'), ('min_samples_leaf', 2), ('min_samples_split', 4), ('n_estimators', 1500)])",0.6074058919803601,0.5341653027823241,0.609860883797054,0.45867430441898527,0.6935483870967741,0.5807309540150996,0.07918846370154092,27
136,2.845897150039673,0.2710747508533461,0.09056291580200196,0.0012374531413123344,True,40,sqrt,2,4,1000,"OrderedDict([('bootstrap', True), ('max_depth', 40), ('max_features', 'sqrt'), ('min_samples_leaf', 2), ('min_samples_split', 4), ('n_estimators', 1000)])",0.6004500818330606,0.540302782324059,0.5959492635024549,0.4719721767594108,0.6941687344913152,0.5805686077820601,0.07341845530908421,28
32,1.741210126876831,0.35153464520520245,0.07323813438415527,0.008045525984136754,True,60,auto,6,4,750,"OrderedDict([('bootstrap', True), ('max_depth', 60), ('max_features', 'auto'), ('min_samples_leaf', 6), ('min_samples_split', 4), ('n_estimators', 750)])",0.5981996726677578,0.4993862520458265,0.6252045826513911,0.46890343698854337,0.7111248966087677,0.5805637681924571,0.08764457129550401,29
86,3.1504544258117675,0.055252917979508535,0.11866416931152343,0.008304879570453769,True,120,auto,2,2,1250,"OrderedDict([('bootstrap', True), ('max_depth', 120), ('max_features', 'auto'), ('min_samples_leaf', 2), ('min_samples_split', 2), ('n_estimators', 1250)])",0.6129296235679215,0.5333469721767594,0.6065875613747954,0.46788052373158756,0.6819685690653433,0.5805426499832814,0.0733957181641744,30
144,3.197021722793579,0.3253034030193772,0.11594796180725098,0.0016712716773323443,True,120,sqrt,2,6,1250,"OrderedDict([('bootstrap', True), ('max_depth', 120), ('max_features', 'sqrt'), ('min_samples_leaf', 2), ('min_samples_split', 6), ('n_estimators', 1250)])",0.6080196399345335,0.5333469721767594,0.6078150572831423,0.46583469721767595,0.6867245657568237,0.580348186473787,0.07504468770680724,31
140,3.3133739948272707,0.37425823985673584,0.11665115356445313,0.01429723612436823,True,100,sqrt,2,3,1250,"OrderedDict([('bootstrap', True), ('max_depth', 100), ('max_features', 'sqrt'), ('min_samples_leaf', 2), ('min_samples_split', 3), ('n_estimators', 1250)])",0.609860883797054,0.5407119476268413,0.5988134206219312,0.4703355155482815,0.6813482216708023,0.5802139978529821,0.07083318494378864,32
117,3.405742359161377,0.3197540754069729,0.1197519302368164,0.009929024494713314,True,100,sqrt,2,4,1250,"OrderedDict([('bootstrap', True), ('max_depth', 100), ('max_features', 'sqrt'), ('min_samples_leaf', 2), ('min_samples_split', 4), ('n_estimators', 1250)])",0.6247954173486089,0.5358019639934534,0.5975859247135843,0.463379705400982,0.6792803970223326,0.5801686816957922,0.07446624554522022,33
133,2.866036081314087,0.23215980092524327,0.08893241882324218,0.0015722808573721515,True,20,auto,2,3,1000,"OrderedDict([('bootstrap', True), ('max_depth', 20), ('max_features', 'auto'), ('min_samples_leaf', 2), ('min_samples_split', 3), ('n_estimators', 1000)])",0.6100654664484452,0.5360065466448446,0.6114975450081832,0.4650163666121113,0.6782464846980976,0.5801664818823363,0.07308203701860741,34
69,3.634071922302246,0.14625402570842666,0.137315034866333,0.001163265460095166,True,120,sqrt,2,2,1500,"OrderedDict([('bootstrap', True), ('max_depth', 120), ('max_features', 'sqrt'), ('min_samples_leaf', 2), ('min_samples_split', 2), ('n_estimators', 1500)])",0.6151800327332242,0.5405073649754502,0.6000409165302782,0.4674713584288053,0.6772125723738627,0.5800824490083242,0.07115038534241912,35
5,1.550531768798828,0.3645548892015409,0.06436781883239746,0.00083916202425891,True,,auto,4,4,750,"OrderedDict([('bootstrap', True), ('max_depth', None), ('max_features', 'auto'), ('min_samples_leaf', 4), ('min_samples_split', 4), ('n_estimators', 750)])",0.6162029459901801,0.5135024549918167,0.6200900163666121,0.4715630114566285,0.6788668320926387,0.5800450521795752,0.07599079816221613,36
75,3.082535743713379,0.5195232728226882,0.12037124633789062,0.0009565164011737786,True,80,auto,2,3,1250,"OrderedDict([('bootstrap', True), ('max_depth', 80), ('max_features', 'auto'), ('min_samples_leaf', 2), ('min_samples_split', 3), ('n_estimators', 1250)])",0.6137479541734862,0.5341653027823241,0.597176759410802,0.464607201309329,0.6904466501240696,0.5800287735600023,0.0762217046745793,37
26,2.0080731391906737,0.3729344923714331,0.07409234046936035,0.005539446574788117,True,60,auto,2,4,750,"OrderedDict([('bootstrap', True), ('max_depth', 60), ('max_features', 'auto'), ('min_samples_leaf', 2), ('min_samples_split', 4), ('n_estimators', 750)])",0.5887888707037643,0.5458265139116203,0.609860883797054,0.4668576104746318,0.6885856079404467,0.5799838973655034,0.07311467300570204,38
1,1.0275845050811767,0.281687859460392,0.048813152313232425,0.007382309290643404,True,120,auto,8,6,500,"OrderedDict([('bootstrap', True), ('max_depth', 120), ('max_features', 'auto'), ('min_samples_leaf', 8), ('min_samples_split', 6), ('n_estimators', 500)])",0.5996317512274958,0.4836333878887071,0.6374795417348609,0.4885433715220949,0.6900330851943756,0.5798642275135069,0.08178915559316419,39
31,2.00072021484375,0.11404203496993516,0.08530044555664062,0.010754543169094313,True,20,auto,2,4,750,"OrderedDict([('bootstrap', True), ('max_depth', 20), ('max_features', 'auto'), ('min_samples_leaf', 2), ('min_samples_split', 4), ('n_estimators', 750)])",0.6065875613747954,0.5233224222585925,0.6117021276595744,0.45601472995090014,0.7014061207609595,0.5798065924009644,0.08370887342631228,40
35,2.304507303237915,0.4146490834030682,0.08722906112670899,0.0015785691738488578,True,60,sqrt,4,6,1000,"OrderedDict([('bootstrap', True), ('max_depth', 60), ('max_features', 'sqrt'), ('min_samples_leaf', 4), ('min_samples_split', 6), ('n_estimators', 1000)])",0.6004500818330606,0.5128887070376432,0.6252045826513911,0.4725859247135843,0.6875516956162118,0.5797361983703782,0.07755048500919087,41
147,2.868169164657593,0.4822467376770278,0.11138648986816406,0.0013653134256418624,True,120,sqrt,2,6,1250,"OrderedDict([('bootstrap', True), ('max_depth', 120), ('max_features', 'sqrt'), ('min_samples_leaf', 2), ('min_samples_split', 6), ('n_estimators', 1250)])",0.6092471358428806,0.5388707037643208,0.6012684124386253,0.4717675941080196,0.6774193548387097,0.5797146401985112,0.06957547924777657,42
78,3.028230333328247,0.529610654494826,0.1157771110534668,0.0019817403328823433,True,20,auto,2,3,1250,"OrderedDict([('bootstrap', True), ('max_depth', 20), ('max_features', 'auto'), ('min_samples_leaf', 2), ('min_samples_split', 3), ('n_estimators', 1250)])",0.6098608837970539,0.5298690671031097,0.6104746317512274,0.4654255319148936,0.6825889164598842,0.5796438062052337,0.07481262746612714,43
56,1.8415373325347901,0.36173085153417006,0.07356672286987305,0.00940339939724772,True,100,auto,4,4,750,"OrderedDict([('bootstrap', True), ('max_depth', 100), ('max_features', 'auto'), ('min_samples_leaf', 4), ('min_samples_split', 4), ('n_estimators', 750)])",0.6114975450081833,0.511252045826514,0.6209083469721768,0.4703355155482815,0.6840363937138131,0.5796059694137937,0.0777701272508933,44
59,3.4956926822662355,0.560602719438335,0.14948415756225586,0.020954374192572855,True,60,auto,2,6,1500,"OrderedDict([('bootstrap', True), ('max_depth', 60), ('max_features', 'auto'), ('min_samples_leaf', 2), ('min_samples_split', 6), ('n_estimators', 1500)])",0.6108837970540099,0.5364157119476268,0.5984042553191489,0.4668576104746317,0.6852770885028949,0.5795676926596625,0.07358756270230986,45
55,2.738747787475586,0.02867936153421227,0.12535638809204103,0.02126245606331786,True,120,auto,6,3,1250,"OrderedDict([('bootstrap', True), ('max_depth', 120), ('max_features', 'auto'), ('min_samples_leaf', 6), ('min_samples_split', 3), ('n_estimators', 1250)])",0.6012684124386253,0.5002045826513912,0.629909983633388,0.47115384615384615,0.694995864350703,0.5795065378455908,0.08292282793556899,46
33,3.538475227355957,0.14107483658641654,0.13748445510864257,0.002134644447526512,True,40,sqrt,2,6,1500,"OrderedDict([('bootstrap', True), ('max_depth', 40), ('max_features', 'sqrt'), ('min_samples_leaf', 2), ('min_samples_split', 6), ('n_estimators', 1500)])",0.602291325695581,0.5349836333878887,0.6063829787234043,0.47013093289689034,0.6836228287841192,0.5794823398975767,0.07214845905764637,47
135,3.3771414756774902,0.34147389607280304,0.12259044647216796,0.0027661589649329707,True,100,auto,6,3,1500,"OrderedDict([('bootstrap', True), ('max_depth', 100), ('max_features', 'auto'), ('min_samples_leaf', 6), ('min_samples_split', 3), ('n_estimators', 1500)])",0.6096563011456628,0.5018412438625205,0.6258183306055647,0.47217675941080195,0.6875516956162117,0.5794088661281525,0.08034809023603132,48
46,2.8950755119323732,0.47326142770243973,0.12451891899108887,0.0024903443225072525,True,20,sqrt,8,2,1500,"OrderedDict([('bootstrap', True), ('max_depth', 20), ('max_features', 'sqrt'), ('min_samples_leaf', 8), ('min_samples_split', 2), ('n_estimators', 1500)])",0.6121112929623568,0.47954173486088375,0.6372749590834698,0.4725859247135843,0.695409429280397,0.5793846681801383,0.08860998349927449,49
126,2.533637285232544,0.23704503802695928,0.09078040122985839,0.013905724370551919,True,80,auto,6,4,1000,"OrderedDict([('bootstrap', True), ('max_depth', 80), ('max_features', 'auto'), ('min_samples_leaf', 6), ('min_samples_split', 4), ('n_estimators', 1000)])",0.6033142389525368,0.49549918166939444,0.6360474631751227,0.45846972176759415,0.7028535980148884,0.5792368407159073,0.09020528052927945,50
131,2.8854268550872804,0.3005573650245848,0.0899116039276123,0.001470694242550291,True,80,auto,2,4,1000,"OrderedDict([('bootstrap', True), ('max_depth', 80), ('max_features', 'auto'), ('min_samples_leaf', 2), ('min_samples_split', 4), ('n_estimators', 1000)])",0.6090425531914893,0.5335515548281506,0.6106792144026185,0.4605155482815057,0.6823821339950372,0.5792342009397602,0.07575994386741354,51
15,1.5514051914215088,0.21800513966137017,0.07915892601013183,0.011568142768638575,True,120,auto,4,2,500,"OrderedDict([('bootstrap', True), ('max_depth', 120), ('max_features', 'auto'), ('min_samples_leaf', 4), ('min_samples_split', 2), ('n_estimators', 500)])",0.605973813420622,0.5124795417348609,0.6243862520458265,0.472176759410802,0.6811414392059553,0.5792315611636134,0.07623159460906088,52
70,1.9830447673797607,0.38969723016031993,0.07579894065856933,0.00837944046877565,True,20,auto,2,4,750,"OrderedDict([('bootstrap', True), ('max_depth', 20), ('max_features', 'auto'), ('min_samples_leaf', 2), ('min_samples_split', 4), ('n_estimators', 750)])",0.6018821603927987,0.5300736497545009,0.6108837970540097,0.46378887070376434,0.6892059553349876,0.5791668866480123,0.07661954734454268,53
3,0.8363024234771729,0.10785409641426474,0.05488820075988769,0.022851596198728313,True,40,sqrt,6,4,500,"OrderedDict([('bootstrap', True), ('max_depth', 40), ('max_features', 'sqrt'), ('min_samples_leaf', 6), ('min_samples_split', 4), ('n_estimators', 500)])",0.6094517184942717,0.4991816693944354,0.6182487725040917,0.4760638297872341,0.6927212572373862,0.5791334494834838,0.08045747901207394,54
48,2.311629056930542,0.41159525999445257,0.08745336532592773,0.0019929050526073895,True,100,sqrt,4,3,1000,"OrderedDict([('bootstrap', True), ('max_depth', 100), ('max_features', 'sqrt'), ('min_samples_leaf', 4), ('min_samples_split', 3), ('n_estimators', 1000)])",0.603518821603928,0.5161620294599019,0.6178396072013094,0.46051554828150565,0.6962365591397849,0.578854513137286,0.08226927556242108,55
40,2.0211915016174316,0.3760090716262451,0.07737956047058106,0.007985217449299808,True,,auto,2,4,750,"OrderedDict([('bootstrap', True), ('max_depth', None), ('max_features', 'auto'), ('min_samples_leaf', 2), ('min_samples_split', 4), ('n_estimators', 750)])",0.5969721767594108,0.546644844517185,0.5898117839607201,0.4656301145662848,0.6952026468155501,0.5788523133238301,0.07462228472731658,56
76,3.3750631332397463,0.08453362448701832,0.134584379196167,0.01161879618976628,True,20,auto,4,6,1500,"OrderedDict([('bootstrap', True), ('max_depth', 20), ('max_features', 'auto'), ('min_samples_leaf', 4), ('min_samples_split', 6), ('n_estimators', 1500)])",0.6016775777414075,0.5177986906710311,0.6211129296235679,0.46194762684124385,0.6916873449131513,0.5788448339580803,0.08053936555554271,57
118,1.7089303493499757,0.25013443890964354,0.07535276412963868,0.007796427017679071,True,80,auto,2,3,500,"OrderedDict([('bootstrap', True), ('max_depth', 80), ('max_features', 'auto'), ('min_samples_leaf', 2), ('min_samples_split', 3), ('n_estimators', 500)])",0.5973813420621932,0.5403027823240588,0.6024959083469722,0.4715630114566285,0.6823821339950372,0.5788250356369781,0.07016811979084316,58
141,1.9941909790039063,0.2373569758722746,0.08646116256713868,0.01129749392996368,True,60,sqrt,6,4,750,"OrderedDict([('bootstrap', True), ('max_depth', 60), ('max_features', 'sqrt'), ('min_samples_leaf', 6), ('min_samples_split', 4), ('n_estimators', 750)])",0.6157937806873978,0.49611292962356796,0.6303191489361702,0.45765139116202946,0.6939619520264682,0.5787678404871267,0.08808991948099669,59
114,2.474160671234131,0.2373346954281182,0.08456206321716309,0.003601312061210013,True,40,auto,8,3,1000,"OrderedDict([('bootstrap', True), ('max_depth', 40), ('max_features', 'auto'), ('min_samples_leaf', 8), ('min_samples_split', 3), ('n_estimators', 1000)])",0.5992225859247136,0.48690671031096566,0.6360474631751227,0.47933715220949263,0.6921009098428454,0.578722964292628,0.08350886819377365,60
112,2.8452726364135743,0.2421066782087117,0.09185004234313965,0.0009771092079428197,True,80,sqrt,2,2,1000,"OrderedDict([('bootstrap', True), ('max_depth', 80), ('max_features', 'sqrt'), ('min_samples_leaf', 2), ('min_samples_split', 2), ('n_estimators', 1000)])",0.589607201309329,0.5388707037643208,0.5957446808510639,0.4746317512274959,0.6941687344913151,0.5786046143287049,0.07233124439661816,61
110,3.1925084590911865,0.3657811194737869,0.12163195610046387,0.0019641410757203544,True,80,sqrt,8,4,1500,"OrderedDict([('bootstrap', True), ('max_depth', 80), ('max_features', 'sqrt'), ('min_samples_leaf', 8), ('min_samples_split', 4), ('n_estimators', 1500)])",0.6006546644844517,0.4815875613747954,0.6366612111292962,0.47319967266775775,0.7005789909015715,0.5785364201115746,0.08860813588201699,62
103,2.887414789199829,0.29777994935253055,0.10463910102844239,0.001523887358322009,True,80,auto,6,6,1250,"OrderedDict([('bootstrap', True), ('max_depth', 80), ('max_features', 'auto'), ('min_samples_leaf', 6), ('min_samples_split', 6), ('n_estimators', 1250)])",0.6123158756137479,0.4973404255319149,0.629909983633388,0.4664484451718494,0.6863110008271299,0.5784651461556061,0.08312897587887325,63
8,1.462612771987915,0.338972248971365,0.06457858085632324,0.0014499752905749832,True,100,sqrt,4,3,750,"OrderedDict([('bootstrap', True), ('max_depth', 100), ('max_features', 'sqrt'), ('min_samples_leaf', 4), ('min_samples_split', 3), ('n_estimators', 750)])",0.603518821603928,0.5038870703764321,0.6217266775777415,0.47626841243862517,0.6863110008271297,0.5783423965647713,0.0776349941151838,64
20,2.9896275997161865,0.498934945500546,0.12736001014709472,0.0009042777710308203,True,120,auto,8,4,1500,"OrderedDict([('bootstrap', True), ('max_depth', 120), ('max_features', 'auto'), ('min_samples_leaf', 8), ('min_samples_split', 4), ('n_estimators', 1500)])",0.6012684124386253,0.48629296235679215,0.635229132569558,0.47422258592471356,0.6945822994210092,0.5783190785421397,0.08554232699691283,65
73,3.5964239597320558,0.5715674938245372,0.1355234146118164,0.002058137165202506,True,60,auto,2,4,1500,"OrderedDict([('bootstrap', True), ('max_depth', 60), ('max_features', 'auto'), ('min_samples_leaf', 2), ('min_samples_split', 4), ('n_estimators', 1500)])",0.6018821603927986,0.5384615384615385,0.6051554828150574,0.4601063829787234,0.685483870967742,0.578217887123172,0.07526289637178742,66
145,3.2274577140808107,0.03638641150701517,0.1344576358795166,0.011931626432848117,True,20,sqrt,4,4,1500,"OrderedDict([('bootstrap', True), ('max_depth', 20), ('max_features', 'sqrt'), ('min_samples_leaf', 4), ('min_samples_split', 4), ('n_estimators', 1500)])",0.6139525368248772,0.5118657937806874,0.6215220949263502,0.4596972176759411,0.6840363937138131,0.5782148073843338,0.08099324079151737,67
68,1.9653713703155518,0.3652902692984203,0.07989096641540527,0.012786465123046134,True,20,auto,2,4,750,"OrderedDict([('bootstrap', True), ('max_depth', 20), ('max_features', 'auto'), ('min_samples_leaf', 2), ('min_samples_split', 4), ('n_estimators', 750)])",0.5857201309328969,0.5296644844517185,0.6127250409165304,0.46542553191489366,0.697477253928867,0.5782024884289813,0.07816568430558535,68
142,3.269209289550781,0.3213788649842116,0.11594614982604981,0.0018150591532703959,True,100,sqrt,2,3,1250,"OrderedDict([('bootstrap', True), ('max_depth', 100), ('max_features', 'sqrt'), ('min_samples_leaf', 2), ('min_samples_split', 3), ('n_estimators', 1250)])",0.6067921440261865,0.5323240589198036,0.6039279869067103,0.4703355155482815,0.6776261373035567,0.5782011685409076,0.07085809164603997,69
12,2.309937620162964,0.23501134513441932,0.07744383811950684,0.006498471697928888,True,40,sqrt,2,2,750,"OrderedDict([('bootstrap', True), ('max_depth', 40), ('max_features', 'sqrt'), ('min_samples_leaf', 2), ('min_samples_split', 2), ('n_estimators', 750)])",0.6215220949263501,0.5300736497545008,0.5926759410801963,0.4711538461538462,0.6755583126550869,0.578196768913996,0.07118991840284405,70
22,2.3698484897613525,0.056944794849155454,0.10682048797607421,0.020157994851071365,True,120,auto,4,2,1000,"OrderedDict([('bootstrap', True), ('max_depth', 120), ('max_features', 'auto'), ('min_samples_leaf', 4), ('min_samples_split', 2), ('n_estimators', 1000)])",0.6000409165302781,0.5085924713584288,0.6180441898527005,0.4752454991816695,0.6889991728701407,0.5781844499586435,0.07718274144124163,71
115,1.5625187873840332,0.21398771479883558,0.0766982078552246,0.007421220312932497,True,80,auto,4,2,500,"OrderedDict([('bootstrap', True), ('max_depth', 80), ('max_features', 'auto'), ('min_samples_leaf', 4), ('min_samples_split', 2), ('n_estimators', 500)])",0.6084288052373158,0.5059328968903437,0.631342062193126,0.4605155482815057,0.684449958643507,0.5781338542491596,0.08258214776064271,72
44,2.947971296310425,0.5073016661256726,0.12713541984558105,0.003276180583810716,True,120,sqrt,8,3,1500,"OrderedDict([('bootstrap', True), ('max_depth', 120), ('max_features', 'sqrt'), ('min_samples_leaf', 8), ('min_samples_split', 3), ('n_estimators', 1500)])",0.6112929623567922,0.4748363338788871,0.6356382978723404,0.4777004909983633,0.6908602150537634,0.5780656600320293,0.0870295752298171,73
61,3.0324275970458983,0.503122598741631,0.12763619422912598,0.0008781676543827812,True,40,sqrt,6,4,1500,"OrderedDict([('bootstrap', True), ('max_depth', 40), ('max_features', 'sqrt'), ('min_samples_leaf', 6), ('min_samples_split', 4), ('n_estimators', 1500)])",0.6061783960720131,0.4916121112929623,0.6209083469721769,0.4777004909983633,0.6937551695616211,0.5780309029794274,0.08192345399404721,74
83,1.169745922088623,0.2729788910790211,0.06321158409118652,0.016410127071555328,True,,sqrt,6,3,500,"OrderedDict([('bootstrap', True), ('max_depth', None), ('max_features', 'sqrt'), ('min_samples_leaf', 6), ('min_samples_split', 3), ('n_estimators', 500)])",0.5973813420621932,0.5079787234042553,0.6276595744680851,0.47790507364975454,0.6788668320926385,0.5779583091353853,0.07474997302930007,75
124,3.1045055389404297,0.31638819500164805,0.1072756290435791,0.003276580016887398,True,80,auto,4,6,1250,"OrderedDict([('bootstrap', True), ('max_depth', 80), ('max_features', 'auto'), ('min_samples_leaf', 4), ('min_samples_split', 6), ('n_estimators', 1250)])",0.6129296235679215,0.5085924713584288,0.6215220949263502,0.4562193126022913,0.6904466501240696,0.5779420305158123,0.08415037079702423,76
80,3.0022178173065184,0.5080606752990793,0.12622590065002443,0.0019858207595795795,True,20,sqrt,6,6,1500,"OrderedDict([('bootstrap', True), ('max_depth', 20), ('max_features', 'sqrt'), ('min_samples_leaf', 6), ('min_samples_split', 6), ('n_estimators', 1500)])",0.6041325695581015,0.49979541734860883,0.623567921440262,0.46869885433715225,0.6931348221670802,0.5778659169702409,0.08255662448421092,77
129,2.547507095336914,0.21445116530598626,0.08646059036254883,0.0023023549371277937,True,120,auto,6,6,1000,"OrderedDict([('bootstrap', True), ('max_depth', 120), ('max_features', 'auto'), ('min_samples_leaf', 6), ('min_samples_split', 6), ('n_estimators', 1000)])",0.603518821603928,0.49406710310965635,0.6188625204582651,0.4723813420621931,0.6997518610421836,0.5777163296552452,0.08407627637111013,78
84,2.614845371246338,0.4587022551418961,0.10612554550170898,0.0015723297997406083,True,20,auto,6,6,1250,"OrderedDict([('bootstrap', True), ('max_depth', 20), ('max_features', 'auto'), ('min_samples_leaf', 6), ('min_samples_split', 6), ('n_estimators', 1250)])",0.597176759410802,0.4961129296235679,0.6264320785597381,0.4723813420621931,0.696029776674938,0.5776265772662479,0.0830717021539585,79
28,2.5667823791503905,0.4634860817662427,0.10561985969543457,0.0017756231219305133,True,100,sqrt,6,2,1250,"OrderedDict([('bootstrap', True), ('max_depth', 100), ('max_features', 'sqrt'), ('min_samples_leaf', 6), ('min_samples_split', 2), ('n_estimators', 1250)])",0.5930851063829786,0.49959083469721766,0.6282733224222585,0.46706219312602293,0.6999586435070307,0.5775940200271017,0.0849508660424696,80
90,3.070850896835327,0.5184107082221544,0.11504693031311035,0.0023881307503939527,True,120,auto,2,2,1250,"OrderedDict([('bootstrap', True), ('max_depth', 120), ('max_features', 'auto'), ('min_samples_leaf', 2), ('min_samples_split', 2), ('n_estimators', 1250)])",0.6074058919803601,0.5382569558101473,0.598404255319149,0.4639934533551555,0.6799007444168735,0.577592260176337,0.07244442395594472,81
11,2.1539395809173585,0.22086886234820396,0.07711930274963379,0.011505559809288178,True,40,sqrt,4,3,750,"OrderedDict([('bootstrap', True), ('max_depth', 40), ('max_features', 'sqrt'), ('min_samples_leaf', 4), ('min_samples_split', 3), ('n_estimators', 750)])",0.6018821603927986,0.5096153846153846,0.6168166939443536,0.4695171849427168,0.6900330851943756,0.5775729018179259,0.07883218912568142,82
29,2.0653425216674806,0.3706917934743043,0.08155932426452636,0.009500387808198806,True,60,auto,2,4,750,"OrderedDict([('bootstrap', True), ('max_depth', 60), ('max_features', 'auto'), ('min_samples_leaf', 2), ('min_samples_split', 4), ('n_estimators', 750)])",0.6041325695581015,0.5276186579378068,0.6043371522094926,0.4674713584288053,0.6836228287841191,0.5774365133836652,0.07387287917538037,83
88,3.059916687011719,0.5078331040257327,0.1276341438293457,0.017841837811591085,True,120,auto,2,2,1250,"OrderedDict([('bootstrap', True), ('max_depth', 120), ('max_features', 'auto'), ('min_samples_leaf', 2), ('min_samples_split', 2), ('n_estimators', 1250)])",0.5941080196399345,0.5323240589198036,0.6088379705400981,0.4629705400981997,0.6885856079404468,0.5773652394276965,0.0758362433685258,84
64,3.5056024551391602,0.5572341010453852,0.13913311958312988,0.001650197688432622,True,20,auto,2,4,1500,"OrderedDict([('bootstrap', True), ('max_depth', 20), ('max_features', 'auto'), ('min_samples_leaf', 2), ('min_samples_split', 4), ('n_estimators', 1500)])",0.5990180032733224,0.5306873977086743,0.603518821603928,0.45949263502454996,0.6939619520264682,0.5773357619273887,0.078511671569717,85
111,2.906586265563965,0.2712031441735419,0.09425621032714844,0.0027139158578982107,True,80,auto,2,2,1000,"OrderedDict([('bootstrap', True), ('max_depth', 80), ('max_features', 'auto'), ('min_samples_leaf', 2), ('min_samples_split', 2), ('n_estimators', 1000)])",0.5973813420621931,0.5360065466448445,0.5945171849427169,0.4705400981996727,0.6881720430107529,0.577323442972036,0.07224281950795386,86
108,3.3497828006744386,0.3533119045933489,0.1336580276489258,0.01110561556786554,True,20,sqrt,6,3,1500,"OrderedDict([('bootstrap', True), ('max_depth', 20), ('max_features', 'sqrt'), ('min_samples_leaf', 6), ('min_samples_split', 3), ('n_estimators', 1500)])",0.6063829787234042,0.4893617021276596,0.6278641571194762,0.47115384615384615,0.6916873449131514,0.5772900058075076,0.08424626759982395,87
34,1.2005845546722411,0.12134909694072417,0.07384867668151855,0.007206495506059013,True,40,auto,6,4,500,"OrderedDict([('bootstrap', True), ('max_depth', 40), ('max_features', 'auto'), ('min_samples_leaf', 6), ('min_samples_split', 4), ('n_estimators', 500)])",0.6063829787234043,0.49468085106382975,0.6307283142389525,0.4693126022913257,0.6852770885028949,0.5772763669640815,0.08227594435511608,88
92,3.2759977340698243,0.33658449827132514,0.11634459495544433,0.005097893407168651,True,120,sqrt,2,6,1250,"OrderedDict([('bootstrap', True), ('max_depth', 120), ('max_features', 'sqrt'), ('min_samples_leaf', 2), ('min_samples_split', 6), ('n_estimators', 1250)])",0.6037234042553191,0.5292553191489362,0.5986088379705401,0.46910801963993454,0.6852770885028949,0.5771945339035249,0.0732462352158561,89
49,1.37367844581604,0.2925395868070161,0.06586956977844238,0.015023338311528323,True,100,sqrt,2,3,500,"OrderedDict([('bootstrap', True), ('max_depth', 100), ('max_features', 'sqrt'), ('min_samples_leaf', 2), ('min_samples_split', 3), ('n_estimators', 500)])",0.6184533551554827,0.5243453355155483,0.6000409165302782,0.46031096563011453,0.6827956989247312,0.577189254351231,0.07724074021819496,90
17,3.105393409729004,0.32677016605427145,0.10758757591247559,0.001923245842461577,True,,auto,4,4,1250,"OrderedDict([('bootstrap', True), ('max_depth', None), ('max_features', 'auto'), ('min_samples_leaf', 4), ('min_samples_split', 4), ('n_estimators', 1250)])",0.5949263502454991,0.5182078559738134,0.6137479541734862,0.46542553191489366,0.6935483870967742,0.5771712158808933,0.07894368151689078,91
39,1.8489125728607179,0.12743226807712207,0.0840632438659668,0.007022995215741616,True,100,sqrt,4,6,750,"OrderedDict([('bootstrap', True), ('max_depth', 100), ('max_features', 'sqrt'), ('min_samples_leaf', 4), ('min_samples_split', 6), ('n_estimators', 750)])",0.5975859247135842,0.519026186579378,0.6135433715220949,0.46440261865793786,0.6912737799834574,0.5771663762912904,0.07855786403981485,92
130,3.295434761047363,0.33994744099278085,0.11444025039672852,0.002211817150485999,True,20,auto,2,3,1250,"OrderedDict([('bootstrap', True), ('max_depth', 20), ('max_features', 'auto'), ('min_samples_leaf', 2), ('min_samples_split', 3), ('n_estimators', 1250)])",0.6043371522094926,0.5319148936170213,0.6004500818330606,0.46808510638297873,0.6803143093465673,0.5770203086778242,0.07192522721774329,93
6,1.763418960571289,0.2832980368979872,0.08363022804260253,0.0007852783963030908,True,120,auto,8,4,1000,"OrderedDict([('bootstrap', True), ('max_depth', 120), ('max_features', 'auto'), ('min_samples_leaf', 8), ('min_samples_split', 4), ('n_estimators', 1000)])",0.5971767594108021,0.4815875613747954,0.6397299509001636,0.4807692307692307,0.6856906534325888,0.5769908311775162,0.08308995182894131,94
143,2.472643995285034,0.2259498902035685,0.09578275680541992,0.013519152068188618,True,80,sqrt,6,4,1000,"OrderedDict([('bootstrap', True), ('max_depth', 80), ('max_features', 'sqrt'), ('min_samples_leaf', 6), ('min_samples_split', 4), ('n_estimators', 1000)])",0.5939034369885434,0.4993862520458266,0.6239770867430442,0.4754500818330606,0.6914805624483045,0.5768394840117559,0.0799181117940895,95
2,1.930007314682007,0.22323058481159958,0.08697447776794434,0.0010178410725395547,True,,auto,4,3,1000,"OrderedDict([('bootstrap', True), ('max_depth', None), ('max_features', 'auto'), ('min_samples_leaf', 4), ('min_samples_split', 3), ('n_estimators', 1000)])",0.590834697217676,0.5135024549918166,0.6258183306055647,0.47606382978723405,0.6776261373035566,0.5767690899811696,0.07337578598005744,96
41,2.056067943572998,0.3774122619716942,0.07750577926635742,0.005100267925781038,True,60,auto,2,4,750,"OrderedDict([('bootstrap', True), ('max_depth', 60), ('max_features', 'auto'), ('min_samples_leaf', 2), ('min_samples_split', 4), ('n_estimators', 750)])",0.5973813420621931,0.5425531914893617,0.6027004909983633,0.45969721767594107,0.6813482216708022,0.5767360927793324,0.07336299180118064,97
52,2.4953474521636965,0.4226170336573474,0.10280299186706543,0.0018607267808279332,True,60,sqrt,8,4,1250,"OrderedDict([('bootstrap', True), ('max_depth', 60), ('max_features', 'sqrt'), ('min_samples_leaf', 8), ('min_samples_split', 4), ('n_estimators', 1250)])",0.6018821603927987,0.4826104746317512,0.6354337152209493,0.4815875613747954,0.6815550041356494,0.5766137831511888,0.08121273298753319,98
138,2.051523780822754,0.24399852099935576,0.09810786247253418,0.022374968209539364,True,60,sqrt,6,6,750,"OrderedDict([('bootstrap', True), ('max_depth', 60), ('max_features', 'sqrt'), ('min_samples_leaf', 6), ('min_samples_split', 6), ('n_estimators', 750)])",0.6149754500818331,0.49181669394435357,0.627454991816694,0.4609247135842881,0.6877584780810587,0.5765860655016455,0.08600475860461171,99
0,2.6049780368804933,0.25399712219630366,0.08682546615600586,0.0019114764762689252,True,100,sqrt,4,4,1000,"OrderedDict([('bootstrap', True), ('max_depth', 100), ('max_features', 'sqrt'), ('min_samples_leaf', 4), ('min_samples_split', 4), ('n_estimators', 1000)])",0.6155891980360065,0.50879705400982,0.6131342062193125,0.4596972176759411,0.684863523573201,0.5764162399028562,0.08104224513824661,100
65,3.520989179611206,0.5290977784149067,0.1378009796142578,0.0018502413970673966,True,20,auto,2,4,1500,"OrderedDict([('bootstrap', True), ('max_depth', 20), ('max_features', 'auto'), ('min_samples_leaf', 2), ('min_samples_split', 4), ('n_estimators', 1500)])",0.594721767594108,0.5284369885433715,0.617430441898527,0.46010638297872347,0.6813482216708023,0.5764087605371064,0.07597100631973981,101
105,3.231650972366333,0.16870365448086716,0.14226222038269043,0.021525566052466354,True,20,sqrt,4,2,1500,"OrderedDict([('bootstrap', True), ('max_depth', 20), ('max_features', 'sqrt'), ('min_samples_leaf', 4), ('min_samples_split', 2), ('n_estimators', 1500)])",0.6039279869067103,0.5126841243862521,0.6157937806873978,0.46603927986906707,0.6832092638544252,0.5763308871407704,0.07740420703710511,102
102,2.755449104309082,0.2990895855626787,0.10350246429443359,0.0017019249873738698,True,100,sqrt,8,2,1250,"OrderedDict([('bootstrap', True), ('max_depth', 100), ('max_features', 'sqrt'), ('min_samples_leaf', 8), ('min_samples_split', 2), ('n_estimators', 1250)])",0.6027004909983634,0.4832242225859247,0.6256137479541736,0.46992635024549917,0.6999586435070306,0.5762846910581982,0.0876341763329245,103
82,1.3881662368774415,0.2998103217896486,0.06460752487182617,0.013962924272159487,True,20,auto,2,3,500,"OrderedDict([('bootstrap', True), ('max_depth', 20), ('max_features', 'auto'), ('min_samples_leaf', 2), ('min_samples_split', 3), ('n_estimators', 500)])",0.5981996726677579,0.5292553191489362,0.6137479541734862,0.4556055646481178,0.68424317617866,0.5762103373633917,0.07786396180855146,104
16,2.5225951194763185,0.2657675428866162,0.0838355541229248,0.0012327508049584717,True,120,auto,6,2,1000,"OrderedDict([('bootstrap', True), ('max_depth', 120), ('max_features', 'auto'), ('min_samples_leaf', 6), ('min_samples_split', 2), ('n_estimators', 1000)])",0.6043371522094927,0.4938625204582651,0.61620294599018,0.46685761047463176,0.6991315136476428,0.5760783485560426,0.0851342901057945,105
38,1.7634802341461182,0.3642402118150861,0.07146234512329101,0.008622273843857645,True,80,auto,6,4,750,"OrderedDict([('bootstrap', True), ('max_depth', 80), ('max_features', 'auto'), ('min_samples_leaf', 6), ('min_samples_split', 4), ('n_estimators', 750)])",0.6041325695581015,0.4897708674304419,0.6264320785597383,0.46992635024549917,0.6900330851943755,0.5760589901976314,0.08369641045285822,106
62,2.509126138687134,0.4305551172885268,0.09265627861022949,0.0019696367893006898,True,40,sqrt,2,6,1000,"OrderedDict([('bootstrap', True), ('max_depth', 40), ('max_features', 'sqrt'), ('min_samples_leaf', 2), ('min_samples_split', 6), ('n_estimators', 1000)])",0.605973813420622,0.5227086743044189,0.6045417348608839,0.4590834697217676,0.6879652605459058,0.5760545905707197,0.07843303543150308,107
66,1.419284963607788,0.30247971887267394,0.06551980972290039,0.013954871825207953,True,,sqrt,2,4,500,"OrderedDict([('bootstrap', True), ('max_depth', None), ('max_features', 'sqrt'), ('min_samples_leaf', 2), ('min_samples_split', 4), ('n_estimators', 500)])",0.6145662847790507,0.5251636661211129,0.603723404255319,0.46706219312602293,0.6695616211745243,0.5760154338912059,0.07136035291350584,108
134,2.8123573780059816,0.300028680241424,0.08877396583557129,0.00045422134622936613,True,20,auto,2,3,1000,"OrderedDict([('bootstrap', True), ('max_depth', 20), ('max_features', 'auto'), ('min_samples_leaf', 2), ('min_samples_split', 3), ('n_estimators', 1000)])",0.5996317512274959,0.5253682487725042,0.6047463175122751,0.4664484451718494,0.6838296112489661,0.5760048747866181,0.07426594478966593,109
87,3.0925358295440675,0.09081403431208245,0.12922372817993164,0.0011633600166430986,True,,sqrt,6,3,1500,"OrderedDict([('bootstrap', True), ('max_depth', None), ('max_features', 'sqrt'), ('min_samples_leaf', 6), ('min_samples_split', 3), ('n_estimators', 1500)])",0.602291325695581,0.49468085106382975,0.6239770867430443,0.46808510638297873,0.6908602150537635,0.5759789169878394,0.08299919239003059,110
71,1.6435917377471925,0.2825987536695393,0.08751459121704101,0.011852488913702577,True,,sqrt,6,2,750,"OrderedDict([('bootstrap', True), ('max_depth', None), ('max_features', 'sqrt'), ('min_samples_leaf', 6), ('min_samples_split', 2), ('n_estimators', 750)])",0.5894026186579377,0.4883387888707037,0.6260229132569559,0.46522094926350244,0.7107113316790735,0.5759393203456347,0.09031670114545226,111
14,3.4999719142913817,0.32149314445580923,0.13181467056274415,0.0014009038335362257,True,,auto,4,2,1500,"OrderedDict([('bootstrap', True), ('max_depth', None), ('max_features', 'auto'), ('min_samples_leaf', 4), ('min_samples_split', 2), ('n_estimators', 1500)])",0.5906301145662849,0.5143207855973814,0.6235679214402619,0.4656301145662848,0.685070306038048,0.5758438484416522,0.07792149157329156,112
119,1.6509899139404296,0.23295158027561574,0.0793262004852295,0.007341103480551,True,80,sqrt,2,2,500,"OrderedDict([('bootstrap', True), ('max_depth', 80), ('max_features', 'sqrt'), ('min_samples_leaf', 2), ('min_samples_split', 2), ('n_estimators', 500)])",0.599631751227496,0.5272094926350245,0.6170212765957448,0.45969721767594107,0.6755583126550869,0.5758236101578587,0.07491295967550342,113
21,2.6144533157348633,0.03873875288465293,0.12540025711059571,0.0182130840662881,True,120,auto,8,6,1250,"OrderedDict([('bootstrap', True), ('max_depth', 120), ('max_features', 'auto'), ('min_samples_leaf', 8), ('min_samples_split', 6), ('n_estimators', 1250)])",0.5975859247135843,0.4799509001636661,0.6350245499181669,0.4832242225859247,0.6832092638544252,0.5757989722471535,0.08157971351795675,114
106,1.6895736694335937,0.23485668585333103,0.09044842720031739,0.01863039300515164,True,80,auto,2,2,500,"OrderedDict([('bootstrap', True), ('max_depth', 80), ('max_features', 'auto'), ('min_samples_leaf', 2), ('min_samples_split', 2), ('n_estimators', 500)])",0.6080196399345336,0.5345744680851063,0.5939034369885433,0.46440261865793775,0.6780397022332506,0.5757879731798743,0.07201071679877329,115
128,1.9950877666473388,0.22630013444387445,0.08631424903869629,0.01363610868600335,True,100,auto,8,4,750,"OrderedDict([('bootstrap', True), ('max_depth', 100), ('max_features', 'auto'), ('min_samples_leaf', 8), ('min_samples_split', 4), ('n_estimators', 750)])",0.5961538461538461,0.48240589198036,0.6372749590834699,0.48036006546644844,0.6823821339950373,0.5757153793358324,0.08171218470677871,116
127,2.541000747680664,0.22170450343193926,0.08354735374450684,0.004502582354114635,True,100,auto,6,4,1000,"OrderedDict([('bootstrap', True), ('max_depth', 100), ('max_features', 'auto'), ('min_samples_leaf', 6), ('min_samples_split', 4), ('n_estimators', 1000)])",0.6024959083469722,0.4815875613747954,0.6270458265139116,0.4611292962356792,0.7051282051282053,0.5754773595199127,0.09174903193861242,117
137,2.1429346084594725,0.23366595943639912,0.08052301406860352,0.012623605572307845,True,20,sqrt,4,6,750,"OrderedDict([('bootstrap', True), ('max_depth', 20), ('max_features', 'sqrt'), ('min_samples_leaf', 4), ('min_samples_split', 6), ('n_estimators', 750)])",0.5957446808510638,0.5006137479541735,0.6200900163666122,0.46685761047463176,0.6937551695616212,0.5754122450416205,0.08221129220851994,118
50,2.7406081199645995,0.48601090186700285,0.10952601432800294,0.0010815014551850428,True,60,sqrt,4,3,1250,"OrderedDict([('bootstrap', True), ('max_depth', 60), ('max_features', 'sqrt'), ('min_samples_leaf', 4), ('min_samples_split', 3), ('n_estimators', 1250)])",0.5912438625204582,0.5094108019639935,0.6162029459901801,0.46685761047463176,0.6933416046319272,0.5754113651162381,0.07995267902913733,119
67,2.967357635498047,0.0521411048677186,0.12975468635559081,0.012484470215209353,True,,sqrt,8,6,1500,"OrderedDict([('bootstrap', True), ('max_depth', None), ('max_features', 'sqrt'), ('min_samples_leaf', 8), ('min_samples_split', 6), ('n_estimators', 1500)])",0.5992225859247136,0.4729950900163666,0.6333878887070377,0.48629296235679215,0.684656741108354,0.5753110536226528,0.08281779579712555,120
24,1.6957972526550293,0.340126614346389,0.08125720024108887,0.014171722548921826,True,120,auto,8,4,750,"OrderedDict([('bootstrap', True), ('max_depth', 120), ('max_features', 'auto'), ('min_samples_leaf', 8), ('min_samples_split', 4), ('n_estimators', 750)])",0.593494271685761,0.47647299509001634,0.6419803600654664,0.4660392798690671,0.6985111662531017,0.5752996145926825,0.09128304913000035,121
149,2.186072015762329,0.4646462634801041,0.08608112335205079,0.007205347095849149,True,20,sqrt,6,6,1000,"OrderedDict([('bootstrap', True), ('max_depth', 20), ('max_features', 'sqrt'), ('min_samples_leaf', 6), ('min_samples_split', 6), ('n_estimators', 1000)])",0.5957446808510638,0.4926350245499182,0.6268412438625205,0.4703355155482815,0.6896195202646817,0.575035197015293,0.08245499143995924,122
94,1.4508725643157958,0.22953276459596955,0.07594461441040039,0.005103265275326178,True,100,auto,6,2,500,"OrderedDict([('bootstrap', True), ('max_depth', 100), ('max_features', 'auto'), ('min_samples_leaf', 6), ('min_samples_split', 2), ('n_estimators', 500)])",0.5816284779050737,0.49181669394435357,0.6374795417348609,0.4660392798690671,0.6954094292803971,0.5744746845467504,0.08629783504878778,123
109,3.0334628105163572,0.3159813280764352,0.10770792961120605,0.002101876603602389,True,40,sqrt,4,6,1250,"OrderedDict([('bootstrap', True), ('max_depth', 40), ('max_features', 'sqrt'), ('min_samples_leaf', 4), ('min_samples_split', 6), ('n_estimators', 1250)])",0.5973813420621931,0.5098199672667758,0.6209083469721767,0.46133387888707034,0.6825889164598842,0.57440649032962,0.07918401129843548,124
36,1.1497745990753174,0.28272573156723657,0.0615145206451416,0.015705203922565057,True,20,sqrt,8,6,500,"OrderedDict([('bootstrap', True), ('max_depth', 20), ('max_features', 'sqrt'), ('min_samples_leaf', 8), ('min_samples_split', 6), ('n_estimators', 500)])",0.587152209492635,0.48097381342062195,0.6237725040916531,0.4860883797054009,0.6939619520264682,0.5743897717473558,0.0817590575708163,125
146,1.741438341140747,0.39203663242573544,0.08523855209350586,0.0206108959295641,True,120,sqrt,6,4,750,"OrderedDict([('bootstrap', True), ('max_depth', 120), ('max_features', 'sqrt'), ('min_samples_leaf', 6), ('min_samples_split', 4), ('n_estimators', 750)])",0.5941080196399345,0.48772504091653024,0.6243862520458267,0.4736088379705401,0.6916873449131514,0.5743030990971966,0.08284287855324522,126
58,3.1735368251800535,0.08588720690623305,0.14101381301879884,0.016460881836835937,True,120,auto,6,3,1500,"OrderedDict([('bootstrap', True), ('max_depth', 120), ('max_features', 'auto'), ('min_samples_leaf', 6), ('min_samples_split', 3), ('n_estimators', 1500)])",0.5998363338788871,0.4969312602291326,0.6227495908346972,0.46583469721767595,0.686104218362283,0.5742912201045351,0.08154789250444824,127
116,2.839402198791504,0.3151334930108623,0.10501985549926758,0.0010637171318746332,True,80,sqrt,8,2,1250,"OrderedDict([('bootstrap', True), ('max_depth', 80), ('max_features', 'sqrt'), ('min_samples_leaf', 8), ('min_samples_split', 2), ('n_estimators', 1250)])",0.6012684124386252,0.49079378068739765,0.6237725040916531,0.47054009819967263,0.685070306038048,0.5742890202910793,0.08146691342262724,128
18,1.3946550369262696,0.21807056471593728,0.07411756515502929,0.005071615772827791,True,,auto,8,6,500,"OrderedDict([('bootstrap', True), ('max_depth', None), ('max_features', 'auto'), ('min_samples_leaf', 8), ('min_samples_split', 6), ('n_estimators', 500)])",0.5955400981996726,0.4846563011456628,0.623772504091653,0.4742225859247136,0.6925144747725394,0.5741411928268484,0.08357593903997718,129
4,1.9757752895355225,0.2713119128527168,0.1037219524383545,0.0008463123128310896,True,80,sqrt,6,6,1250,"OrderedDict([('bootstrap', True), ('max_depth', 80), ('max_features', 'sqrt'), ('min_samples_leaf', 6), ('min_samples_split', 6), ('n_estimators', 1250)])",0.6016775777414076,0.498772504091653,0.6198854337152209,0.4691080196399345,0.6811414392059553,0.5741169948788343,0.07875562783379657,130
99,1.487433671951294,0.23874256474851313,0.07818026542663574,0.006049433240194707,True,80,sqrt,4,6,500,"OrderedDict([('bootstrap', True), ('max_depth', 80), ('max_features', 'sqrt'), ('min_samples_leaf', 4), ('min_samples_split', 6), ('n_estimators', 500)])",0.6047463175122749,0.511252045826514,0.6112929623567921,0.4572422258592471,0.685483870967742,0.574003484504514,0.08041696100004649,131
51,2.0192468643188475,0.3876584627527804,0.07775664329528809,0.008514950726018506,True,60,auto,2,2,750,"OrderedDict([('bootstrap', True), ('max_depth', 60), ('max_features', 'auto'), ('min_samples_leaf', 2), ('min_samples_split', 2), ('n_estimators', 750)])",0.6037234042553191,0.5284369885433715,0.5934942716857612,0.4564238952536825,0.6871381306865177,0.5738433380849304,0.07741285385497512,132
54,2.2435961723327638,0.46254153266477527,0.0830996036529541,0.0011961816096583016,True,100,auto,6,6,1000,"OrderedDict([('bootstrap', True), ('max_depth', 100), ('max_features', 'auto'), ('min_samples_leaf', 6), ('min_samples_split', 6), ('n_estimators', 1000)])",0.5855155482815058,0.4926350245499182,0.6258183306055647,0.46992635024549917,0.6943755169561622,0.57365415412773,0.08337745268094088,133
30,2.312437725067139,0.061299759796358495,0.10031189918518066,0.014775727157029697,True,60,sqrt,4,2,1000,"OrderedDict([('bootstrap', True), ('max_depth', 60), ('max_features', 'sqrt'), ('min_samples_leaf', 4), ('min_samples_split', 2), ('n_estimators', 1000)])",0.5906301145662849,0.5098199672667757,0.6245908346972177,0.45540098199672663,0.6875516956162118,0.5735987188286433,0.08235773112859757,134
72,2.1076756000518797,0.3879522526780944,0.09178643226623535,0.0088189176713695,True,20,sqrt,8,3,1000,"OrderedDict([('bootstrap', True), ('max_depth', 20), ('max_features', 'sqrt'), ('min_samples_leaf', 8), ('min_samples_split', 3), ('n_estimators', 1000)])",0.6016775777414075,0.47892798690671035,0.6266366612111293,0.47176759410801966,0.6879652605459058,0.5733950161026345,0.0848682148803378,135
37,2.6232601165771485,0.034983407533141636,0.11777663230895996,0.018004360608814905,True,100,auto,8,2,1250,"OrderedDict([('bootstrap', True), ('max_depth', 100), ('max_features', 'auto'), ('min_samples_leaf', 8), ('min_samples_split', 2), ('n_estimators', 1250)])",0.5955400981996727,0.4783142389525368,0.6290916530278232,0.4736088379705401,0.6898263027295285,0.5732762261760203,0.08502508983341106,136
91,2.4065260887145996,0.22492813560381386,0.09436368942260742,0.009883721493016542,True,40,sqrt,8,2,1000,"OrderedDict([('bootstrap', True), ('max_depth', 40), ('max_features', 'sqrt'), ('min_samples_leaf', 8), ('min_samples_split', 2), ('n_estimators', 1000)])",0.5945171849427169,0.48383797054009814,0.6270458265139116,0.4754500818330606,0.6817617866004964,0.5725225700860568,0.08084278715028839,137
113,2.0899236679077147,0.2413293184215897,0.08349013328552246,0.01137795225095218,True,,auto,6,2,750,"OrderedDict([('bootstrap', True), ('max_depth', None), ('max_features', 'auto'), ('min_samples_leaf', 6), ('min_samples_split', 2), ('n_estimators', 750)])",0.5975859247135843,0.49365793780687395,0.6209083469721768,0.4566284779050736,0.6927212572373863,0.572300388927019,0.08610215275776742,138
98,1.9702783107757569,0.24623853451687955,0.08940720558166504,0.016371293175234444,True,60,sqrt,8,3,750,"OrderedDict([('bootstrap', True), ('max_depth', 60), ('max_features', 'sqrt'), ('min_samples_leaf', 8), ('min_samples_split', 3), ('n_estimators', 750)])",0.6133387888707038,0.47360883797054015,0.6309328968903437,0.469721767594108,0.6732837055417702,0.5721771993734931,0.08435860525275149,139
47,1.131158208847046,0.2530341284487806,0.06240758895874023,0.014353854068167079,True,80,sqrt,8,2,500,"OrderedDict([('bootstrap', True), ('max_depth', 80), ('max_features', 'sqrt'), ('min_samples_leaf', 8), ('min_samples_split', 2), ('n_estimators', 500)])",0.6008592471358429,0.4750409165302782,0.6288870703764322,0.46624386252045824,0.6894127377998346,0.5720887668725692,0.08768139027525214,140
13,2.186993932723999,0.17322237680094568,0.084114408493042,0.019066637066227993,True,100,auto,4,3,750,"OrderedDict([('bootstrap', True), ('max_depth', 100), ('max_features', 'auto'), ('min_samples_leaf', 4), ('min_samples_split', 3), ('n_estimators', 750)])",0.5969721767594108,0.5137070376432078,0.6024959083469723,0.4684942716857611,0.6782464846980977,0.5719831758266899,0.07342129035591882,141
7,0.9076208114624024,0.17778525835455034,0.048306608200073244,0.008423116841643619,True,,auto,8,3,500,"OrderedDict([('bootstrap', True), ('max_depth', None), ('max_features', 'auto'), ('min_samples_leaf', 8), ('min_samples_split', 3), ('n_estimators', 500)])",0.6053600654664484,0.4783142389525368,0.6411620294599017,0.46337970540098206,0.6691480562448304,0.5714728191049399,0.0847443517202486,142
9,1.9499942779541015,0.2300542003889379,0.0685802936553955,0.005587805339519232,True,120,sqrt,4,4,750,"OrderedDict([('bootstrap', True), ('max_depth', 120), ('max_features', 'sqrt'), ('min_samples_leaf', 4), ('min_samples_split', 4), ('n_estimators', 750)])",0.5920621931260229,0.5085924713584288,0.6127250409165302,0.45949263502454996,0.6832092638544252,0.5712163208559914,0.07887188601126398,143
10,2.02369704246521,0.23040739724060574,0.07912907600402833,0.013597454736227532,True,40,sqrt,6,3,750,"OrderedDict([('bootstrap', True), ('max_depth', 40), ('max_features', 'sqrt'), ('min_samples_leaf', 6), ('min_samples_split', 3), ('n_estimators', 750)])",0.5930851063829787,0.4881342062193126,0.6231587561374795,0.4689034369885433,0.6825889164598843,0.5711740844376397,0.08117964088753558,144
23,1.671123218536377,0.34959097750881124,0.07202448844909667,0.009832115793642725,True,120,auto,8,6,750,"OrderedDict([('bootstrap', True), ('max_depth', 120), ('max_features', 'auto'), ('min_samples_leaf', 8), ('min_samples_split', 6), ('n_estimators', 750)])",0.5963584288052374,0.4813829787234043,0.6288870703764321,0.46624386252045835,0.6817617866004962,0.5709268254052057,0.08398472274013409,145
81,2.2308627128601075,0.40888521710406006,0.08702020645141602,0.00452813322105916,True,60,auto,6,2,1000,"OrderedDict([('bootstrap', True), ('max_depth', 60), ('max_features', 'auto'), ('min_samples_leaf', 6), ('min_samples_split', 2), ('n_estimators', 1000)])",0.5930851063829787,0.4903846153846154,0.6260229132569559,0.4729950900163666,0.6716294458229943,0.5708234341727823,0.07713002659665393,146
139,1.4521498680114746,0.21440966502235073,0.07548613548278808,0.004313440424516867,True,100,auto,6,3,500,"OrderedDict([('bootstrap', True), ('max_depth', 100), ('max_features', 'auto'), ('min_samples_leaf', 6), ('min_samples_split', 3), ('n_estimators', 500)])",0.5748772504091653,0.4920212765957447,0.6196808510638298,0.4738134206219312,0.6910669975186106,0.5702919592418564,0.08059938657008223,147
57,1.8606624603271484,0.38400683293570115,0.07506532669067383,0.010759724175883053,True,100,auto,4,4,750,"OrderedDict([('bootstrap', True), ('max_depth', 100), ('max_features', 'auto'), ('min_samples_leaf', 4), ('min_samples_split', 4), ('n_estimators', 750)])",0.5767184942716858,0.5155482815057284,0.6084288052373158,0.4572422258592471,0.6933416046319273,0.570255882301181,0.08051588733637734,148
101,2.4655043125152587,0.24082352927538428,0.09001312255859376,0.005903145496935958,True,60,sqrt,6,4,1000,"OrderedDict([('bootstrap', True), ('max_depth', 60), ('max_features', 'sqrt'), ('min_samples_leaf', 6), ('min_samples_split', 4), ('n_estimators', 1000)])",0.6041325695581015,0.4895662847790507,0.613543371522095,0.46256137479541737,0.6809346567411084,0.5701476514791546,0.0817068997083067,149
132,1.547449541091919,0.22520260046545595,0.07455248832702636,0.005800823373488711,True,100,auto,4,2,500,"OrderedDict([('bootstrap', True), ('max_depth', 100), ('max_features', 'auto'), ('min_samples_leaf', 4), ('min_samples_split', 2), ('n_estimators', 500)])",0.5920621931260229,0.5049099836333879,0.6145662847790507,0.45887888707037644,0.6801075268817204,0.5701049750981116,0.07896976440513677,150
