,mean_fit_time,std_fit_time,mean_score_time,std_score_time,param_colsample_bytree,param_learning_rate,param_max_depth,param_min_child_weight,param_n_estimators,param_reg_alpha,param_reg_lambda,param_subsample,params,split0_test_score,split1_test_score,split2_test_score,split3_test_score,split4_test_score,mean_test_score,std_test_score,rank_test_score
112,0.12856760025024414,0.0033769090156179084,0.00875391960144043,0.00043673422909424475,0.8,0.05,12,6,50,0.5,5.0,0.4,"OrderedDict([('colsample_bytree', 0.8), ('learning_rate', 0.05), ('max_depth', 12), ('min_child_weight', 6), ('n_estimators', 50), ('reg_alpha', 0.5), ('reg_lambda', 5.0), ('subsample', 0.4)])",0.5635322822822822,0.6322259759759761,0.5122763608679102,0.5363394216133942,0.558599695585997,0.5605947472651119,0.04016622849187545,1
138,0.13433961868286132,0.0010880427122636539,0.008896636962890624,0.0002657235721616292,0.8,0.05,12,6,50,0.5,5.0,0.4,"OrderedDict([('colsample_bytree', 0.8), ('learning_rate', 0.05), ('max_depth', 12), ('min_child_weight', 6), ('n_estimators', 50), ('reg_alpha', 0.5), ('reg_lambda', 5.0), ('subsample', 0.4)])",0.5635322822822822,0.6322259759759761,0.5122763608679102,0.5363394216133942,0.558599695585997,0.5605947472651119,0.04016622849187545,1
145,0.1507584571838379,0.006564948484810341,0.010117244720458985,0.00041406017830295915,0.8,0.075,12,6,50,0.5,5.0,0.4,"OrderedDict([('colsample_bytree', 0.8), ('learning_rate', 0.075), ('max_depth', 12), ('min_child_weight', 6), ('n_estimators', 50), ('reg_alpha', 0.5), ('reg_lambda', 5.0), ('subsample', 0.4)])",0.5717905405405405,0.6359797297297298,0.5117053673391702,0.5302511415525114,0.5531773211567732,0.560580820063745,0.042834949482121944,3
124,0.1420210361480713,0.0010105544610569297,0.009710741043090821,0.00031760334470789527,0.8,0.075,8,6,50,0.5,5.0,0.4,"OrderedDict([('colsample_bytree', 0.8), ('learning_rate', 0.075), ('max_depth', 8), ('min_child_weight', 6), ('n_estimators', 50), ('reg_alpha', 0.5), ('reg_lambda', 5.0), ('subsample', 0.4)])",0.5717905405405405,0.6359797297297298,0.5117053673391702,0.5302511415525114,0.5531773211567732,0.560580820063745,0.042834949482121944,3
147,0.15083065032958984,0.002335290154649919,0.009804248809814453,0.0003925611825516107,0.8,0.075,6,6,50,0.5,5.0,0.4,"OrderedDict([('colsample_bytree', 0.8), ('learning_rate', 0.075), ('max_depth', 6), ('min_child_weight', 6), ('n_estimators', 50), ('reg_alpha', 0.5), ('reg_lambda', 5.0), ('subsample', 0.4)])",0.5717905405405405,0.6359797297297298,0.5117053673391702,0.5302511415525114,0.5531773211567732,0.560580820063745,0.042834949482121944,3
142,0.8373971462249756,0.016235631650376593,0.008751010894775391,0.00021938274931052718,0.8,0.03,20,6,50,0.5,5.0,0.4,"OrderedDict([('colsample_bytree', 0.8), ('learning_rate', 0.03), ('max_depth', 20), ('min_child_weight', 6), ('n_estimators', 50), ('reg_alpha', 0.5), ('reg_lambda', 5.0), ('subsample', 0.4)])",0.5483295795795795,0.6325075075075076,0.5136086791016369,0.5357686453576864,0.5721080669710806,0.5604644957034982,0.04068999155743448,6
113,1.2077754497528077,0.047218283288709674,0.011043787002563477,0.0009336217062406912,0.8,0.05,20,6,50,1.0,5.0,0.4,"OrderedDict([('colsample_bytree', 0.8), ('learning_rate', 0.05), ('max_depth', 20), ('min_child_weight', 6), ('n_estimators', 50), ('reg_alpha', 1.0), ('reg_lambda', 5.0), ('subsample', 0.4)])",0.555274024024024,0.6315690690690691,0.5113247049866768,0.5331050228310502,0.5684931506849314,0.5599531943191504,0.0407657044403484,7
132,0.13192849159240722,0.0018623234587017243,0.008917093276977539,0.00051310370332081,0.8,0.075,8,6,50,1.0,5.0,0.4,"OrderedDict([('colsample_bytree', 0.8), ('learning_rate', 0.075), ('max_depth', 8), ('min_child_weight', 6), ('n_estimators', 50), ('reg_alpha', 1.0), ('reg_lambda', 5.0), ('subsample', 0.4)])",0.5627815315315315,0.6397334834834835,0.5120860296916635,0.5315829528158296,0.5532724505327244,0.5598912896110464,0.04362027798980346,8
123,0.14627556800842284,0.004862183472642996,0.010474109649658203,0.0009251356416733774,0.8,0.075,8,6,50,1.0,5.0,0.4,"OrderedDict([('colsample_bytree', 0.8), ('learning_rate', 0.075), ('max_depth', 8), ('min_child_weight', 6), ('n_estimators', 50), ('reg_alpha', 1.0), ('reg_lambda', 5.0), ('subsample', 0.4)])",0.5627815315315315,0.6397334834834835,0.5120860296916635,0.5315829528158296,0.5532724505327244,0.5598912896110464,0.04362027798980346,8
117,0.16007137298583984,0.004206059266760657,0.010813045501708984,0.00031212306374852337,0.8,0.05,8,6,50,0.0,5.0,0.4,"OrderedDict([('colsample_bytree', 0.8), ('learning_rate', 0.05), ('max_depth', 8), ('min_child_weight', 6), ('n_estimators', 50), ('reg_alpha', 0.0), ('reg_lambda', 5.0), ('subsample', 0.4)])",0.56371996996997,0.6322259759759761,0.5118956985154168,0.5374809741248097,0.5536529680365296,0.5597951173245403,0.040228435366389065,10
130,0.1526491641998291,0.0028458782895765555,0.009847307205200195,0.0004722424775223312,0.8,0.075,8,6,50,0.5,0.0,0.4,"OrderedDict([('colsample_bytree', 0.8), ('learning_rate', 0.075), ('max_depth', 8), ('min_child_weight', 6), ('n_estimators', 50), ('reg_alpha', 0.5), ('reg_lambda', 0.0), ('subsample', 0.4)])",0.5699136636636636,0.6457394894894896,0.49476589265321663,0.537576103500761,0.5438546423135464,0.5583699583241354,0.049910415899275015,11
106,0.14848613739013672,0.0015998959398758892,0.010022592544555665,0.0003666189833603155,0.8,0.05,12,6,50,0.5,1.0,0.4,"OrderedDict([('colsample_bytree', 0.8), ('learning_rate', 0.05), ('max_depth', 12), ('min_child_weight', 6), ('n_estimators', 50), ('reg_alpha', 0.5), ('reg_lambda', 1.0), ('subsample', 0.4)])",0.567286036036036,0.62865990990991,0.5073277502854967,0.5358637747336378,0.5524162861491628,0.5583107514228487,0.04041642666551632,12
49,0.09059677124023438,0.0019938517912229184,0.00974736213684082,0.00025012977533774185,0.8,0.3,8,6,20,1.0,0.0,0.4,"OrderedDict([('colsample_bytree', 0.8), ('learning_rate', 0.3), ('max_depth', 8), ('min_child_weight', 6), ('n_estimators', 20), ('reg_alpha', 1.0), ('reg_lambda', 0.0), ('subsample', 0.4)])",0.5918731231231231,0.6319444444444444,0.5036162923486868,0.5436643835616438,0.5190258751902588,0.5580248237336314,0.04753366431168438,13
26,0.09778017997741699,0.004086036076093865,0.009574365615844727,0.00045045341275262566,1.0,0.1,8,6,20,0.0,0.0,0.4,"OrderedDict([('colsample_bytree', 1.0), ('learning_rate', 0.1), ('max_depth', 8), ('min_child_weight', 6), ('n_estimators', 20), ('reg_alpha', 0.0), ('reg_lambda', 0.0), ('subsample', 0.4)])",0.5836148648648648,0.6383258258258259,0.49885801294251997,0.5257800608828005,0.54337899543379,0.5579915519899602,0.04869914193114729,14
140,0.1340186595916748,0.003288981196411373,0.008899641036987305,0.0004300240692350117,0.8,0.05,12,6,50,0.0,0.5,0.4,"OrderedDict([('colsample_bytree', 0.8), ('learning_rate', 0.05), ('max_depth', 12), ('min_child_weight', 6), ('n_estimators', 50), ('reg_alpha', 0.0), ('reg_lambda', 0.5), ('subsample', 0.4)])",0.5631569069069069,0.6408596096096096,0.4987628473543967,0.5408105022831051,0.5442351598173516,0.557565005194274,0.04665908786435901,15
134,0.1389312744140625,0.0027062980900234034,0.009171056747436523,0.0004555200040425971,0.8,0.075,12,6,50,0.5,0.5,0.4,"OrderedDict([('colsample_bytree', 0.8), ('learning_rate', 0.075), ('max_depth', 12), ('min_child_weight', 6), ('n_estimators', 50), ('reg_alpha', 0.5), ('reg_lambda', 0.5), ('subsample', 0.4)])",0.5682244744744744,0.6416103603603606,0.49628854206318995,0.537576103500761,0.5438546423135464,0.5575108245424665,0.047999096882552446,16
126,0.14806976318359374,0.005105581864911626,0.009842920303344726,0.00024761623341630265,0.8,0.075,8,6,50,0.5,1.0,0.4,"OrderedDict([('colsample_bytree', 0.8), ('learning_rate', 0.075), ('max_depth', 8), ('min_child_weight', 6), ('n_estimators', 50), ('reg_alpha', 0.5), ('reg_lambda', 1.0), ('subsample', 0.4)])",0.5699136636636636,0.6346659159159159,0.4987628473543967,0.537576103500761,0.5459474885844748,0.5573732038038424,0.04492009018457353,17
50,0.08873515129089356,0.0025855504844040102,0.009746646881103516,0.00048462981848429725,0.8,0.3,8,6,20,0.0,5.0,0.4,"OrderedDict([('colsample_bytree', 0.8), ('learning_rate', 0.3), ('max_depth', 8), ('min_child_weight', 6), ('n_estimators', 20), ('reg_alpha', 0.0), ('reg_lambda', 5.0), ('subsample', 0.4)])",0.5860548048048048,0.640015015015015,0.5057099352874002,0.5346270928462709,0.518455098934551,0.5569723893776084,0.04970432113877715,18
69,0.3688174247741699,0.012951028719074291,0.008968496322631836,0.00038231013825409504,0.8,0.3,20,6,20,0.5,0.0,0.4,"OrderedDict([('colsample_bytree', 0.8), ('learning_rate', 0.3), ('max_depth', 20), ('min_child_weight', 6), ('n_estimators', 20), ('reg_alpha', 0.5), ('reg_lambda', 0.0), ('subsample', 0.4)])",0.5860548048048048,0.6396396396396397,0.49619337647506667,0.5528919330289193,0.5093226788432268,0.5568204865583315,0.05227002817688941,19
86,0.09085116386413575,0.0011503848939586508,0.009829187393188476,0.00027915924714200946,0.8,0.3,8,6,20,0.5,0.0,0.4,"OrderedDict([('colsample_bytree', 0.8), ('learning_rate', 0.3), ('max_depth', 8), ('min_child_weight', 6), ('n_estimators', 20), ('reg_alpha', 0.5), ('reg_lambda', 0.0), ('subsample', 0.4)])",0.5860548048048048,0.6396396396396397,0.49619337647506667,0.5528919330289193,0.5093226788432268,0.5568204865583315,0.05227002817688941,19
128,0.8345156192779541,0.013489450309524082,0.008663082122802734,0.00021771815480943994,0.8,0.075,20,6,50,0.0,5.0,0.4,"OrderedDict([('colsample_bytree', 0.8), ('learning_rate', 0.075), ('max_depth', 20), ('min_child_weight', 6), ('n_estimators', 50), ('reg_alpha', 0.0), ('reg_lambda', 5.0), ('subsample', 0.4)])",0.5646584084084084,0.6277214714714715,0.5043776170536735,0.5329147640791476,0.5537480974124809,0.5566840716850364,0.041035271023086545,21
136,0.1378903865814209,0.003028400327582722,0.008879613876342774,0.00030868076178755294,0.8,0.05,8,6,50,0.0,1.0,0.4,"OrderedDict([('colsample_bytree', 0.8), ('learning_rate', 0.05), ('max_depth', 8), ('min_child_weight', 6), ('n_estimators', 50), ('reg_alpha', 0.0), ('reg_lambda', 1.0), ('subsample', 0.4)])",0.5659722222222222,0.6333521021021021,0.49838218500190334,0.5413812785388128,0.5442351598173516,0.5566645895364785,0.044164500690580345,22
100,0.48000531196594237,0.015807735416087,0.009874725341796875,0.00041493257675583164,0.8,0.3,20,6,20,0.5,1.0,0.4,"OrderedDict([('colsample_bytree', 0.8), ('learning_rate', 0.3), ('max_depth', 20), ('min_child_weight', 6), ('n_estimators', 20), ('reg_alpha', 0.5), ('reg_lambda', 1.0), ('subsample', 0.4)])",0.5849286786786787,0.6349474474474475,0.5,0.5527016742770168,0.5095129375951293,0.5564181475996545,0.04975262725745339,23
79,0.08851890563964844,0.00253415673838762,0.009771347045898438,0.0006151219486233155,0.8,0.1,6,6,20,1.0,1.0,0.4,"OrderedDict([('colsample_bytree', 0.8), ('learning_rate', 0.1), ('max_depth', 6), ('min_child_weight', 6), ('n_estimators', 20), ('reg_alpha', 1.0), ('reg_lambda', 1.0), ('subsample', 0.4)])",0.5565878378378378,0.6411411411411411,0.4980966882375333,0.516837899543379,0.5683028919330289,0.556193291738584,0.049572164436929626,24
114,1.2353306770324708,0.01105879660308474,0.010964345932006837,0.00020108423668499956,0.8,0.05,20,6,50,0.5,0.0,0.4,"OrderedDict([('colsample_bytree', 0.8), ('learning_rate', 0.05), ('max_depth', 20), ('min_child_weight', 6), ('n_estimators', 50), ('reg_alpha', 0.5), ('reg_lambda', 0.0), ('subsample', 0.4)])",0.5712274774774775,0.6295983483483485,0.49857251617815,0.5366248097412482,0.544044901065449,0.5560136105621346,0.04350822981896989,25
143,0.13226056098937988,0.003783401673775013,0.009050321578979493,0.00037410533888340345,0.8,0.03,8,6,50,1.0,5.0,0.4,"OrderedDict([('colsample_bytree', 0.8), ('learning_rate', 0.03), ('max_depth', 8), ('min_child_weight', 6), ('n_estimators', 50), ('reg_alpha', 1.0), ('reg_lambda', 5.0), ('subsample', 0.4)])",0.5365052552552552,0.6306306306306307,0.5130376855728969,0.5306316590563166,0.568302891933029,0.5558216244896257,0.041449466450025424,26
107,0.14738569259643555,0.0038283926114859863,0.009928512573242187,0.0002521595596516681,0.8,0.03,6,6,50,0.5,1.0,0.4,"OrderedDict([('colsample_bytree', 0.8), ('learning_rate', 0.03), ('max_depth', 6), ('min_child_weight', 6), ('n_estimators', 50), ('reg_alpha', 0.5), ('reg_lambda', 1.0), ('subsample', 0.4)])",0.5575262762762763,0.6273460960960963,0.5040921202893034,0.5354832572298326,0.5519406392694064,0.555277677832183,0.04055078130037146,27
146,0.1474785327911377,0.00284831179509559,0.009752607345581055,0.0004422481126910798,0.8,0.05,6,6,50,0.5,0.5,0.4,"OrderedDict([('colsample_bytree', 0.8), ('learning_rate', 0.05), ('max_depth', 6), ('min_child_weight', 6), ('n_estimators', 50), ('reg_alpha', 0.5), ('reg_lambda', 0.5), ('subsample', 0.4)])",0.5674737237237237,0.629222972972973,0.5042824514655501,0.5318683409436834,0.5434741248097412,0.5552643227831343,0.04220067143247234,28
88,0.922600507736206,0.07754835524583685,0.009050083160400391,0.0003758941040749161,0.8,0.05,20,6,50,1.0,1.0,0.4,"OrderedDict([('colsample_bytree', 0.8), ('learning_rate', 0.05), ('max_depth', 20), ('min_child_weight', 6), ('n_estimators', 50), ('reg_alpha', 1.0), ('reg_lambda', 1.0), ('subsample', 0.4)])",0.558277027027027,0.6265953453453453,0.5052341073467834,0.53529299847793,0.5506088280060883,0.5552016612406347,0.04005177004083019,29
77,0.08791165351867676,0.0018339327170664096,0.00949873924255371,0.00021810286628538175,0.8,0.075,8,6,20,1.0,0.0,0.4,"OrderedDict([('colsample_bytree', 0.8), ('learning_rate', 0.075), ('max_depth', 8), ('min_child_weight', 6), ('n_estimators', 20), ('reg_alpha', 1.0), ('reg_lambda', 0.0), ('subsample', 0.4)])",0.5406343843843844,0.6477102102102102,0.49885801294251997,0.5179794520547945,0.5703957382039573,0.5551155595591732,0.0520787089988773,30
87,0.08037548065185547,0.0019134928647737011,0.00841827392578125,0.00024716864099516176,0.8,0.3,6,6,20,1.0,0.5,0.4,"OrderedDict([('colsample_bytree', 0.8), ('learning_rate', 0.3), ('max_depth', 6), ('min_child_weight', 6), ('n_estimators', 20), ('reg_alpha', 1.0), ('reg_lambda', 0.5), ('subsample', 0.4)])",0.5926238738738739,0.6317567567567568,0.5022839741149601,0.5292047184170472,0.5190258751902588,0.5549790396705794,0.04908292368899579,31
66,0.4529253959655762,0.04586150451921546,0.009536170959472656,0.0005416092808453577,0.8,0.3,20,6,20,1.0,0.5,0.4,"OrderedDict([('colsample_bytree', 0.8), ('learning_rate', 0.3), ('max_depth', 20), ('min_child_weight', 6), ('n_estimators', 20), ('reg_alpha', 1.0), ('reg_lambda', 0.5), ('subsample', 0.4)])",0.5926238738738739,0.6317567567567568,0.5022839741149601,0.5292047184170472,0.5190258751902588,0.5549790396705794,0.04908292368899579,31
135,0.13272581100463868,0.0023919422180186632,0.008870506286621093,0.000405299231397086,0.8,0.075,8,6,50,1.0,0.0,0.4,"OrderedDict([('colsample_bytree', 0.8), ('learning_rate', 0.075), ('max_depth', 8), ('min_child_weight', 6), ('n_estimators', 50), ('reg_alpha', 1.0), ('reg_lambda', 0.0), ('subsample', 0.4)])",0.5687875375375375,0.6292229729729731,0.49914350970689003,0.5326293759512937,0.5438546423135464,0.5547276076964482,0.04345891449774689,33
89,0.13199892044067382,0.0017999500190367533,0.00838470458984375,0.00014294620479303526,0.8,0.05,12,6,50,1.0,0.5,0.4,"OrderedDict([('colsample_bytree', 0.8), ('learning_rate', 0.05), ('max_depth', 12), ('min_child_weight', 6), ('n_estimators', 50), ('reg_alpha', 1.0), ('reg_lambda', 0.5), ('subsample', 0.4)])",0.5588400900900901,0.6292229729729731,0.5044727826417967,0.5286339421613394,0.5506088280060882,0.5543557231744576,0.041926534884490226,34
60,0.4301918029785156,0.057840741896089135,0.009229421615600586,0.000581539912608896,0.8,0.3,20,6,20,1.0,5.0,0.4,"OrderedDict([('colsample_bytree', 0.8), ('learning_rate', 0.3), ('max_depth', 20), ('min_child_weight', 6), ('n_estimators', 20), ('reg_alpha', 1.0), ('reg_lambda', 5.0), ('subsample', 0.4)])",0.579861111111111,0.6263138138138138,0.5028549676437,0.5381468797564688,0.5243531202435312,0.554305978513725,0.04391739941622957,35
103,0.13786325454711915,0.008656003475556628,0.008748292922973633,0.00037924487286335103,0.8,0.03,6,6,50,1.0,0.5,0.4,"OrderedDict([('colsample_bytree', 0.8), ('learning_rate', 0.03), ('max_depth', 6), ('min_child_weight', 6), ('n_estimators', 50), ('reg_alpha', 1.0), ('reg_lambda', 0.5), ('subsample', 0.4)])",0.546265015015015,0.6291291291291291,0.5044727826417967,0.5387176560121766,0.5519406392694064,0.5541050444135047,0.04097535144059863,36
42,0.37090349197387695,0.01784291281291349,0.008621978759765624,0.0005552023796311622,0.8,0.1,20,6,20,0.0,0.0,0.4,"OrderedDict([('colsample_bytree', 0.8), ('learning_rate', 0.1), ('max_depth', 20), ('min_child_weight', 6), ('n_estimators', 20), ('reg_alpha', 0.0), ('reg_lambda', 0.0), ('subsample', 0.4)])",0.5541478978978979,0.647897897897898,0.50057099352874,0.5224505327245054,0.5441400304414004,0.5538414704980884,0.050525158214472426,37
51,0.08909387588500976,0.003358255721361816,0.009744834899902344,0.0003038944749255423,0.8,0.3,12,6,20,0.5,5.0,0.4,"OrderedDict([('colsample_bytree', 0.8), ('learning_rate', 0.3), ('max_depth', 12), ('min_child_weight', 6), ('n_estimators', 20), ('reg_alpha', 0.5), ('reg_lambda', 5.0), ('subsample', 0.4)])",0.5824887387387387,0.6385135135135135,0.5034259611724401,0.5365296803652968,0.5079908675799087,0.5537897522739795,0.050860017535016996,38
65,0.43403263092041017,0.005728634296537264,0.009467506408691406,0.0004111543321070871,0.8,0.3,20,6,20,5.0,0.0,0.4,"OrderedDict([('colsample_bytree', 0.8), ('learning_rate', 0.3), ('max_depth', 20), ('min_child_weight', 6), ('n_estimators', 20), ('reg_alpha', 5.0), ('reg_lambda', 0.0), ('subsample', 0.4)])",0.5060998498498498,0.6379504504504504,0.5033307955843167,0.53234398782344,0.5882800608828006,0.5536010289181715,0.05206300094934582,39
74,0.08978018760681153,0.0014197215820623624,0.01041398048400879,0.000516678873727896,0.8,0.3,8,6,20,5.0,0.0,0.4,"OrderedDict([('colsample_bytree', 0.8), ('learning_rate', 0.3), ('max_depth', 8), ('min_child_weight', 6), ('n_estimators', 20), ('reg_alpha', 5.0), ('reg_lambda', 0.0), ('subsample', 0.4)])",0.5060998498498498,0.6379504504504504,0.5033307955843167,0.53234398782344,0.5882800608828006,0.5536010289181715,0.05206300094934582,39
18,0.3538086414337158,0.008872078715075886,0.008787202835083007,0.0003235592020583074,1.0,0.5,20,6,20,5.0,0.5,0.4,"OrderedDict([('colsample_bytree', 1.0), ('learning_rate', 0.5), ('max_depth', 20), ('min_child_weight', 6), ('n_estimators', 20), ('reg_alpha', 5.0), ('reg_lambda', 0.5), ('subsample', 0.4)])",0.5428866366366366,0.628566066066066,0.5086600685192234,0.525589802130898,0.561168188736682,0.5533741524179012,0.04146294318362534,41
105,0.46825265884399414,0.01052047238303359,0.010136604309082031,0.00047688643677708655,0.8,0.3,20,6,20,1.0,1.0,0.4,"OrderedDict([('colsample_bytree', 0.8), ('learning_rate', 0.3), ('max_depth', 20), ('min_child_weight', 6), ('n_estimators', 20), ('reg_alpha', 1.0), ('reg_lambda', 1.0), ('subsample', 0.4)])",0.5933746246246245,0.6347597597597598,0.50513894175866,0.5322488584474885,0.501331811263318,0.5533707991707703,0.05235451015618513,42
115,0.14862794876098634,0.004183727755057343,0.009689664840698243,0.000689651835367419,0.8,0.03,12,6,50,0.5,0.5,0.4,"OrderedDict([('colsample_bytree', 0.8), ('learning_rate', 0.03), ('max_depth', 12), ('min_child_weight', 6), ('n_estimators', 50), ('reg_alpha', 0.5), ('reg_lambda', 0.5), ('subsample', 0.4)])",0.5552740240240239,0.625656906906907,0.5039017891130567,0.5318683409436834,0.5500380517503806,0.5533478225476103,0.040372136104304034,43
35,0.4741098403930664,0.01354388676107417,0.00955214500427246,0.0004982549614904487,1.0,0.3,20,6,20,1.0,0.0,0.4,"OrderedDict([('colsample_bytree', 1.0), ('learning_rate', 0.3), ('max_depth', 20), ('min_child_weight', 6), ('n_estimators', 20), ('reg_alpha', 1.0), ('reg_lambda', 0.0), ('subsample', 0.4)])",0.6063250750750752,0.6287537537537538,0.4986676817662733,0.534341704718417,0.496765601217656,0.5529707633062351,0.05485367983919189,44
53,0.10409669876098633,0.0009515862661265912,0.010547208786010741,0.0004532239587807505,0.8,0.3,8,6,20,0.0,1.0,0.4,"OrderedDict([('colsample_bytree', 0.8), ('learning_rate', 0.3), ('max_depth', 8), ('min_child_weight', 6), ('n_estimators', 20), ('reg_alpha', 0.0), ('reg_lambda', 1.0), ('subsample', 0.4)])",0.5875563063063063,0.6325075075075075,0.4918157594213932,0.5659246575342465,0.48649162861491624,0.552859171876874,0.05630169522251515,45
78,0.35950350761413574,0.008647445656886294,0.008595085144042969,0.00020998961031449523,0.8,0.3,20,6,20,0.0,0.0,0.4,"OrderedDict([('colsample_bytree', 0.8), ('learning_rate', 0.3), ('max_depth', 20), ('min_child_weight', 6), ('n_estimators', 20), ('reg_alpha', 0.0), ('reg_lambda', 0.0), ('subsample', 0.4)])",0.5941253753753755,0.6156156156156156,0.49105443471640653,0.5562214611872145,0.5028538812785388,0.5519741536346302,0.04892650428586311,46
44,0.09063253402709961,0.0040127472994714915,0.009350967407226563,0.0006675040074169666,1.0,0.1,8,6,20,5.0,0.0,0.4,"OrderedDict([('colsample_bytree', 1.0), ('learning_rate', 0.1), ('max_depth', 8), ('min_child_weight', 6), ('n_estimators', 20), ('reg_alpha', 5.0), ('reg_lambda', 0.0), ('subsample', 0.4)])",0.5128566066066067,0.6391704204204204,0.5079939094023601,0.5131278538812786,0.5859969558599696,0.5518291492341271,0.05241014072488153,47
73,0.08887042999267578,0.002529930373586076,0.009259557723999024,0.0004360913076771313,0.8,0.3,8,6,20,0.5,0.5,0.4,"OrderedDict([('colsample_bytree', 0.8), ('learning_rate', 0.3), ('max_depth', 8), ('min_child_weight', 6), ('n_estimators', 20), ('reg_alpha', 0.5), ('reg_lambda', 0.5), ('subsample', 0.4)])",0.5830518018018018,0.6300675675675675,0.4992386752950133,0.5516552511415526,0.4939117199391172,0.5515850031490105,0.05141210539543278,48
62,0.08062276840209961,0.0016120140476578147,0.008847188949584962,0.0004437100661169531,0.8,0.3,12,6,20,0.0,0.5,0.4,"OrderedDict([('colsample_bytree', 0.8), ('learning_rate', 0.3), ('max_depth', 12), ('min_child_weight', 6), ('n_estimators', 20), ('reg_alpha', 0.0), ('reg_lambda', 0.5), ('subsample', 0.4)])",0.5901839339339339,0.6174924924924925,0.4906737723639132,0.5598363774733638,0.4984779299847793,0.5513329012496965,0.04986377696590843,49
21,0.08701066970825196,0.0015468541805506053,0.009559822082519532,0.0006589424127907931,0.8,0.5,8,6,20,1.0,0.5,0.4,"OrderedDict([('colsample_bytree', 0.8), ('learning_rate', 0.5), ('max_depth', 8), ('min_child_weight', 6), ('n_estimators', 20), ('reg_alpha', 1.0), ('reg_lambda', 0.5), ('subsample', 0.4)])",0.6020082582582582,0.6197447447447447,0.48953178530643315,0.5606925418569254,0.4845890410958904,0.5513132742524504,0.05587467026229514,50
108,0.1623715877532959,0.010882327029552122,0.009200716018676757,0.0004592457907684049,1.0,0.05,12,6,50,0.5,1.0,0.4,"OrderedDict([('colsample_bytree', 1.0), ('learning_rate', 0.05), ('max_depth', 12), ('min_child_weight', 6), ('n_estimators', 50), ('reg_alpha', 0.5), ('reg_lambda', 1.0), ('subsample', 0.4)])",0.5567755255255256,0.6242492492492493,0.5035211267605634,0.5332952815829527,0.537576103500761,0.5510834573238104,0.04036502406932483,51
91,0.09082136154174805,0.0015495098307916361,0.009335041046142578,0.000583842169877607,0.8,0.1,8,6,20,1.0,0.0,0.4,"OrderedDict([('colsample_bytree', 0.8), ('learning_rate', 0.1), ('max_depth', 8), ('min_child_weight', 6), ('n_estimators', 20), ('reg_alpha', 1.0), ('reg_lambda', 0.0), ('subsample', 0.4)])",0.5434496996996996,0.6445195195195195,0.4950513894175866,0.5170281582952816,0.5553652968036529,0.5510828127471481,0.05119816822334178,52
97,0.08424286842346192,0.00480242191870317,0.008581447601318359,0.00019651068488464355,0.8,0.075,12,6,20,0.5,0.0,0.4,"OrderedDict([('colsample_bytree', 0.8), ('learning_rate', 0.075), ('max_depth', 12), ('min_child_weight', 6), ('n_estimators', 20), ('reg_alpha', 0.5), ('reg_lambda', 0.0), ('subsample', 0.4)])",0.5396959459459459,0.6471471471471472,0.49942900647126,0.5183599695585996,0.5496575342465753,0.5508579206739056,0.051183387509959974,53
109,0.14555144309997559,0.005062663389406434,0.010437774658203124,0.0006538158463241602,0.8,0.1,6,6,50,0.5,1.0,0.4,"OrderedDict([('colsample_bytree', 0.8), ('learning_rate', 0.1), ('max_depth', 6), ('min_child_weight', 6), ('n_estimators', 50), ('reg_alpha', 0.5), ('reg_lambda', 1.0), ('subsample', 0.4)])",0.5761073573573574,0.6356043543543545,0.5,0.5244482496194824,0.5174086757990868,0.5507137274260563,0.04944135701837975,54
40,0.09391112327575683,0.006410741796276681,0.009799909591674805,0.000276148885056945,0.8,0.05,12,6,20,0.0,0.0,0.4,"OrderedDict([('colsample_bytree', 0.8), ('learning_rate', 0.05), ('max_depth', 12), ('min_child_weight', 6), ('n_estimators', 20), ('reg_alpha', 0.0), ('reg_lambda', 0.0), ('subsample', 0.4)])",0.5355668168168168,0.6501501501501502,0.4923867529501332,0.5193112633181126,0.5561263318112633,0.5507082630092952,0.053915633921277746,55
99,0.09405860900878907,0.0017572212112100148,0.009691238403320312,0.00017950357327829497,0.8,0.1,12,6,20,0.0,1.0,0.4,"OrderedDict([('colsample_bytree', 0.8), ('learning_rate', 0.1), ('max_depth', 12), ('min_child_weight', 6), ('n_estimators', 20), ('reg_alpha', 0.0), ('reg_lambda', 1.0), ('subsample', 0.4)])",0.5496433933933933,0.6480855855855856,0.4910544347164066,0.5164573820395738,0.5481354642313546,0.5506752519932627,0.053332528200979036,56
15,0.3509927749633789,0.005337114816629292,0.008569002151489258,0.00038228386190617975,1.0,0.3,20,6,20,5.0,0.5,0.4,"OrderedDict([('colsample_bytree', 1.0), ('learning_rate', 0.3), ('max_depth', 20), ('min_child_weight', 6), ('n_estimators', 20), ('reg_alpha', 5.0), ('reg_lambda', 0.5), ('subsample', 0.4)])",0.5409159159159159,0.6350412912912912,0.5076132470498668,0.506468797564688,0.5625951293759512,0.5505268762395426,0.047251229635628875,57
133,0.12410154342651367,0.00506303659013934,0.008756589889526368,0.0005040640930680273,0.8,0.075,12,6,50,5.0,5.0,0.4,"OrderedDict([('colsample_bytree', 0.8), ('learning_rate', 0.075), ('max_depth', 12), ('min_child_weight', 6), ('n_estimators', 50), ('reg_alpha', 5.0), ('reg_lambda', 5.0), ('subsample', 0.4)])",0.5293731231231231,0.6285660660660661,0.5159878188047202,0.5036149162861492,0.5742009132420092,0.5503485675044135,0.045807370482956966,58
58,0.07999324798583984,0.0025232934189047132,0.008506155014038086,0.00019443859413819067,0.8,0.075,8,6,20,0.0,5.0,0.4,"OrderedDict([('colsample_bytree', 0.8), ('learning_rate', 0.075), ('max_depth', 8), ('min_child_weight', 6), ('n_estimators', 20), ('reg_alpha', 0.0), ('reg_lambda', 5.0), ('subsample', 0.4)])",0.5254316816816816,0.6486486486486487,0.4984773505900266,0.526255707762557,0.5519406392694064,0.550150805590464,0.05207146114796139,59
92,0.8603107929229736,0.09776531640791779,0.008803796768188477,0.0005080591596238942,0.6,0.05,20,6,50,1.0,1.0,0.4,"OrderedDict([('colsample_bytree', 0.6), ('learning_rate', 0.05), ('max_depth', 20), ('min_child_weight', 6), ('n_estimators', 50), ('reg_alpha', 1.0), ('reg_lambda', 1.0), ('subsample', 0.4)])",0.5457019519519519,0.6265015015015014,0.5027598020555767,0.5099885844748858,0.565734398782344,0.5501372477532519,0.04461161226288995,60
148,0.12613515853881835,0.003582111146578969,0.009698629379272461,0.0003576257705626933,0.6,0.075,12,6,50,1.0,5.0,0.4,"OrderedDict([('colsample_bytree', 0.6), ('learning_rate', 0.075), ('max_depth', 12), ('min_child_weight', 6), ('n_estimators', 50), ('reg_alpha', 1.0), ('reg_lambda', 5.0), ('subsample', 0.4)])",0.5398836336336337,0.6291291291291291,0.5023791397030833,0.5109398782343987,0.5671613394216134,0.5498986240243716,0.045720147808721356,61
98,0.1328127384185791,0.006379497936914537,0.009567022323608398,0.0005718749010474769,0.8,0.05,12,6,50,5.0,0.5,0.4,"OrderedDict([('colsample_bytree', 0.8), ('learning_rate', 0.05), ('max_depth', 12), ('min_child_weight', 6), ('n_estimators', 50), ('reg_alpha', 5.0), ('reg_lambda', 0.5), ('subsample', 0.4)])",0.5304992492492493,0.6285660660660661,0.5079939094023601,0.5068493150684932,0.5755327245053272,0.5498882528582991,0.04654300561382391,62
61,0.07281594276428223,0.0028004269302652146,0.00857405662536621,0.0004008215663650115,0.8,0.5,8,6,20,5.0,0.0,0.4,"OrderedDict([('colsample_bytree', 0.8), ('learning_rate', 0.5), ('max_depth', 8), ('min_child_weight', 6), ('n_estimators', 20), ('reg_alpha', 5.0), ('reg_lambda', 0.0), ('subsample', 0.4)])",0.5284346846846848,0.6361674174174173,0.5013323182337267,0.5340563165905632,0.5468036529680365,0.5493588779788856,0.04587110721427805,63
122,0.10286526679992676,0.002690166090962013,0.009971714019775391,0.0002122656878272241,1.0,0.1,12,6,20,0.5,1.0,0.4,"OrderedDict([('colsample_bytree', 1.0), ('learning_rate', 0.1), ('max_depth', 12), ('min_child_weight', 6), ('n_estimators', 20), ('reg_alpha', 0.5), ('reg_lambda', 1.0), ('subsample', 0.4)])",0.5442004504504504,0.6362612612612613,0.49942900647126,0.5236872146118721,0.5428082191780822,0.5492772303945852,0.04641882756512651,64
17,0.08310174942016602,0.002034068808342816,0.008847332000732422,0.00017562946322297333,1.0,0.075,12,6,20,5.0,5.0,0.4,"OrderedDict([('colsample_bytree', 1.0), ('learning_rate', 0.075), ('max_depth', 12), ('min_child_weight', 6), ('n_estimators', 20), ('reg_alpha', 5.0), ('reg_lambda', 5.0), ('subsample', 0.4)])",0.5065690690690691,0.6189001501501501,0.5066615911686334,0.5169330289193302,0.5962709284627093,0.5490669535539785,0.048459807368940386,65
118,0.12614340782165528,0.003924468287788649,0.009652042388916015,0.00031001528877275475,0.6,0.05,6,6,50,0.5,5.0,0.4,"OrderedDict([('colsample_bytree', 0.6), ('learning_rate', 0.05), ('max_depth', 6), ('min_child_weight', 6), ('n_estimators', 50), ('reg_alpha', 0.5), ('reg_lambda', 5.0), ('subsample', 0.4)])",0.5402590090090089,0.6272522522522522,0.5027598020555767,0.5101788432267884,0.5644025875190258,0.5489704988125303,0.04490499610485533,66
95,0.07973318099975586,0.0013977312931862144,0.008521032333374024,0.000281589133676854,0.8,0.05,8,6,20,1.0,1.0,0.4,"OrderedDict([('colsample_bytree', 0.8), ('learning_rate', 0.05), ('max_depth', 8), ('min_child_weight', 6), ('n_estimators', 20), ('reg_alpha', 1.0), ('reg_lambda', 1.0), ('subsample', 0.4)])",0.5224286786786787,0.6422672672672672,0.49219642177388656,0.5166476407914764,0.5707762557077625,0.5488632528438143,0.053201976879883935,67
144,0.15687546730041504,0.0036920730705208636,0.009760379791259766,0.0005702355799623447,0.8,0.075,8,6,50,0.0,0.5,0.4,"OrderedDict([('colsample_bytree', 0.8), ('learning_rate', 0.075), ('max_depth', 8), ('min_child_weight', 6), ('n_estimators', 50), ('reg_alpha', 0.0), ('reg_lambda', 0.5), ('subsample', 0.4)])",0.5670983483483483,0.6367304804804806,0.4970498667681767,0.5103691019786909,0.5314878234398782,0.5485471242031149,0.0500419841502053,68
125,3.948173999786377,0.05628038888408547,0.00969233512878418,0.00030770980526579884,0.6,0.075,20,6,200,5.0,0.5,0.4,"OrderedDict([('colsample_bytree', 0.6), ('learning_rate', 0.075), ('max_depth', 20), ('min_child_weight', 6), ('n_estimators', 200), ('reg_alpha', 5.0), ('reg_lambda', 0.5), ('subsample', 0.4)])",0.5389451951951951,0.6320382882882883,0.49685953559192997,0.5233066971080671,0.5478500761035008,0.5477999584573963,0.04553976743494701,69
32,0.09758753776550293,0.0009873945617049902,0.009505748748779297,0.00027931430012702416,1.0,0.5,8,6,20,0.0,0.5,0.4,"OrderedDict([('colsample_bytree', 1.0), ('learning_rate', 0.5), ('max_depth', 8), ('min_child_weight', 6), ('n_estimators', 20), ('reg_alpha', 0.0), ('reg_lambda', 0.5), ('subsample', 0.4)])",0.6151463963963965,0.603978978978979,0.4876284735439665,0.571251902587519,0.46090182648401823,0.5477815155981759,0.062311331184260334,70
63,0.09967222213745117,0.0032645234690828143,0.009830808639526368,0.00017059069091586313,1.0,0.1,12,6,20,0.0,5.0,0.4,"OrderedDict([('colsample_bytree', 1.0), ('learning_rate', 0.1), ('max_depth', 12), ('min_child_weight', 6), ('n_estimators', 20), ('reg_alpha', 0.0), ('reg_lambda', 5.0), ('subsample', 0.4)])",0.5417605105105104,0.6311936936936937,0.5078035782261134,0.510369101978691,0.5468036529680365,0.5475861074754089,0.044704660651693234,71
82,0.3562495231628418,0.008562733263300223,0.008605527877807616,0.0005271686222734392,0.8,0.1,20,6,20,5.0,1.0,0.4,"OrderedDict([('colsample_bytree', 0.8), ('learning_rate', 0.1), ('max_depth', 20), ('min_child_weight', 6), ('n_estimators', 20), ('reg_alpha', 5.0), ('reg_lambda', 1.0), ('subsample', 0.4)])",0.503003003003003,0.6342905405405406,0.49495622382946325,0.5224505327245054,0.5821917808219177,0.5473784161838859,0.0531118642820788,72
29,0.08295331001281739,0.0010983366078518892,0.009628009796142579,0.0001584019307484164,0.6,0.075,12,6,20,0.0,0.0,0.4,"OrderedDict([('colsample_bytree', 0.6), ('learning_rate', 0.075), ('max_depth', 12), ('min_child_weight', 6), ('n_estimators', 20), ('reg_alpha', 0.0), ('reg_lambda', 0.0), ('subsample', 0.4)])",0.513795045045045,0.6586899399399399,0.49495622382946325,0.4997146118721461,0.5694444444444444,0.5473200530262078,0.06168454458381046,73
110,1.0676738262176513,0.028746493207263104,0.010023546218872071,0.000799913745820795,0.8,0.03,20,6,50,5.0,5.0,0.4,"OrderedDict([('colsample_bytree', 0.8), ('learning_rate', 0.03), ('max_depth', 20), ('min_child_weight', 6), ('n_estimators', 50), ('reg_alpha', 5.0), ('reg_lambda', 5.0), ('subsample', 0.4)])",0.5175487987987988,0.6317567567567568,0.5098972211648268,0.5001902587519026,0.5766742770167428,0.5472134624978056,0.049998368026166265,74
121,0.08474011421203613,0.0037125472997296734,0.008924388885498047,0.00037223316574539454,0.8,0.05,12,6,20,0.0,5.0,0.4,"OrderedDict([('colsample_bytree', 0.8), ('learning_rate', 0.05), ('max_depth', 12), ('min_child_weight', 6), ('n_estimators', 20), ('reg_alpha', 0.0), ('reg_lambda', 5.0), ('subsample', 0.4)])",0.5081644144144144,0.6422672672672673,0.48896079177769325,0.5258751902587518,0.5679223744292238,0.5466380076294701,0.054471924433417133,75
94,0.1633291244506836,0.0034963454001196016,0.009886741638183594,0.00014333466408859952,1.0,0.05,8,6,50,1.0,0.0,0.4,"OrderedDict([('colsample_bytree', 1.0), ('learning_rate', 0.05), ('max_depth', 8), ('min_child_weight', 6), ('n_estimators', 50), ('reg_alpha', 1.0), ('reg_lambda', 0.0), ('subsample', 0.4)])",0.5579016516516516,0.6236861861861862,0.5008564902931101,0.5254946727549468,0.5240677321156773,0.5464013466003144,0.04269758009385687,76
33,0.4736161231994629,0.020201059588180834,0.010164403915405273,0.0007221507818947648,0.8,0.05,20,6,20,5.0,0.5,0.4,"OrderedDict([('colsample_bytree', 0.8), ('learning_rate', 0.05), ('max_depth', 20), ('min_child_weight', 6), ('n_estimators', 20), ('reg_alpha', 5.0), ('reg_lambda', 0.5), ('subsample', 0.4)])",0.5054429429429429,0.6342905405405406,0.5127521888085268,0.4965753424657534,0.5811453576864536,0.5460412744888435,0.05333572123157846,77
104,0.14665894508361815,0.0033324390646903733,0.008876514434814454,0.000247631934998249,1.0,0.075,6,6,50,1.0,0.5,0.4,"OrderedDict([('colsample_bytree', 1.0), ('learning_rate', 0.075), ('max_depth', 6), ('min_child_weight', 6), ('n_estimators', 50), ('reg_alpha', 1.0), ('reg_lambda', 0.5), ('subsample', 0.4)])",0.5695382882882883,0.624436936936937,0.5032356299961934,0.5173135464231355,0.513603500761035,0.5456255804811179,0.045622232004344856,78
48,0.09546465873718261,0.0022473456493514506,0.009825038909912109,0.0003386213142426155,1.0,0.05,6,6,20,1.0,5.0,0.4,"OrderedDict([('colsample_bytree', 1.0), ('learning_rate', 0.05), ('max_depth', 6), ('min_child_weight', 6), ('n_estimators', 20), ('reg_alpha', 1.0), ('reg_lambda', 5.0), ('subsample', 0.4)])",0.50121996996997,0.6396396396396397,0.5152264940997335,0.509037290715373,0.5601217656012176,0.5450490320051868,0.05153986089900805,79
102,0.23386807441711427,0.004522861238492328,0.00986943244934082,0.00021652064875639135,0.8,0.05,8,6,100,1.0,1.0,0.4,"OrderedDict([('colsample_bytree', 0.8), ('learning_rate', 0.05), ('max_depth', 8), ('min_child_weight', 6), ('n_estimators', 100), ('reg_alpha', 1.0), ('reg_lambda', 1.0), ('subsample', 0.4)])",0.5633445945945946,0.6275337837837838,0.4921012561857632,0.4900114155251141,0.5508942161339421,0.5447770532446397,0.05099973410467805,80
116,0.18549370765686035,0.008123254374477753,0.008887624740600586,0.0002851406306802762,0.8,0.05,8,6,100,5.0,5.0,0.4,"OrderedDict([('colsample_bytree', 0.8), ('learning_rate', 0.05), ('max_depth', 8), ('min_child_weight', 6), ('n_estimators', 100), ('reg_alpha', 5.0), ('reg_lambda', 5.0), ('subsample', 0.4)])",0.5340653153153153,0.6272522522522521,0.5004758279406167,0.5105593607305936,0.5496575342465753,0.5444020580970707,0.04488533126365932,81
139,0.21987767219543458,0.006877378392060989,0.008929586410522461,0.00043012320304443335,0.8,0.03,12,6,100,1.0,0.5,0.4,"OrderedDict([('colsample_bytree', 0.8), ('learning_rate', 0.03), ('max_depth', 12), ('min_child_weight', 6), ('n_estimators', 100), ('reg_alpha', 1.0), ('reg_lambda', 0.5), ('subsample', 0.4)])",0.5609046546546547,0.6257507507507508,0.50142748382185,0.4854452054794521,0.54632800608828,0.5439712201589975,0.0494276262091106,82
20,0.07267346382141113,0.0019692315149325494,0.008807134628295899,0.00028355811921456297,0.6,0.5,8,6,20,1.0,1.0,0.4,"OrderedDict([('colsample_bytree', 0.6), ('learning_rate', 0.5), ('max_depth', 8), ('min_child_weight', 6), ('n_estimators', 20), ('reg_alpha', 1.0), ('reg_lambda', 1.0), ('subsample', 0.4)])",0.6070758258258259,0.6417042042042043,0.48505900266463653,0.4998097412480974,0.481544901065449,0.5430387350016426,0.06759809270855711,83
36,0.4822946071624756,0.015564306055710266,0.009865331649780273,0.0005916026093863273,1.0,0.5,20,6,20,0.5,0.0,0.4,"OrderedDict([('colsample_bytree', 1.0), ('learning_rate', 0.5), ('max_depth', 20), ('min_child_weight', 6), ('n_estimators', 20), ('reg_alpha', 0.5), ('reg_lambda', 0.0), ('subsample', 0.4)])",0.6059496996996997,0.6075450450450451,0.4897221164826799,0.5632610350076104,0.4476788432267884,0.5428313478923646,0.06397460535983032,84
149,0.14989686012268066,0.0051832686218422274,0.008936500549316407,0.00045411840550689905,0.8,0.05,6,4,50,0.5,5.0,0.4,"OrderedDict([('colsample_bytree', 0.8), ('learning_rate', 0.05), ('max_depth', 6), ('min_child_weight', 4), ('n_estimators', 50), ('reg_alpha', 0.5), ('reg_lambda', 5.0), ('subsample', 0.4)])",0.5435435435435435,0.6335397897897899,0.48601065854586983,0.5332952815829528,0.5115106544901066,0.5415799855904525,0.05004240651630877,85
14,0.4269096851348877,0.006459719921603086,0.009046602249145507,0.0002737128940991961,1.0,0.03,12,6,200,0.5,0.5,0.4,"OrderedDict([('colsample_bytree', 1.0), ('learning_rate', 0.03), ('max_depth', 12), ('min_child_weight', 6), ('n_estimators', 200), ('reg_alpha', 0.5), ('reg_lambda', 0.5), ('subsample', 0.4)])",0.5662537537537538,0.6244369369369369,0.48734297677959654,0.5221651445966514,0.5050418569254185,0.5410481337984714,0.04924688601743847,86
16,3.002311372756958,0.01635746840047358,0.00901188850402832,0.0002182643429053838,0.6,0.3,20,6,200,5.0,0.5,0.4,"OrderedDict([('colsample_bytree', 0.6), ('learning_rate', 0.3), ('max_depth', 20), ('min_child_weight', 6), ('n_estimators', 200), ('reg_alpha', 5.0), ('reg_lambda', 0.5), ('subsample', 0.4)])",0.5507695195195196,0.6371058558558559,0.4911496003045299,0.5231164383561643,0.5028538812785388,0.5409990590629217,0.0521378740214459,87
56,0.09142637252807617,0.004439583896884764,0.009849452972412109,0.0005226431658964206,0.6,0.3,12,6,20,0.0,0.0,0.4,"OrderedDict([('colsample_bytree', 0.6), ('learning_rate', 0.3), ('max_depth', 12), ('min_child_weight', 6), ('n_estimators', 20), ('reg_alpha', 0.0), ('reg_lambda', 0.0), ('subsample', 0.4)])",0.5873686186186187,0.6427364864864865,0.4892462885420632,0.5156963470319634,0.4693683409436834,0.5408832163245629,0.06473037828630127,88
90,0.3828123092651367,0.013451974643302738,0.009435224533081054,0.0004425253174848295,0.8,0.05,12,6,200,1.0,0.5,0.4,"OrderedDict([('colsample_bytree', 0.8), ('learning_rate', 0.05), ('max_depth', 12), ('min_child_weight', 6), ('n_estimators', 200), ('reg_alpha', 1.0), ('reg_lambda', 0.5), ('subsample', 0.4)])",0.5606231231231231,0.635228978978979,0.4884849638370765,0.50294901065449,0.5170281582952816,0.5408628469777901,0.05299892337368743,89
111,0.0850332260131836,0.0026505385813133968,0.00988764762878418,0.0002732776759231692,0.6,0.05,8,6,20,5.0,5.0,0.6,"OrderedDict([('colsample_bytree', 0.6), ('learning_rate', 0.05), ('max_depth', 8), ('min_child_weight', 6), ('n_estimators', 20), ('reg_alpha', 5.0), ('reg_lambda', 5.0), ('subsample', 0.6)])",0.5137012012012012,0.6208708708708709,0.4844880091358965,0.518169710806697,0.5659246575342466,0.5406308899097825,0.04787476368089761,90
41,0.09402689933776856,0.0012052923778985525,0.009867525100708008,0.00038676489708358537,1.0,0.075,8,6,20,1.0,1.0,0.4,"OrderedDict([('colsample_bytree', 1.0), ('learning_rate', 0.075), ('max_depth', 8), ('min_child_weight', 6), ('n_estimators', 20), ('reg_alpha', 1.0), ('reg_lambda', 1.0), ('subsample', 0.4)])",0.534816066066066,0.6362612612612613,0.4927674153026266,0.5058980213089802,0.5321537290715372,0.5403792986020942,0.05049318811248226,91
55,0.15778594017028807,0.004184401260388691,0.010940170288085938,0.0005194663344905469,0.8,0.075,6,4,50,5.0,0.5,0.4,"OrderedDict([('colsample_bytree', 0.8), ('learning_rate', 0.075), ('max_depth', 6), ('min_child_weight', 4), ('n_estimators', 50), ('reg_alpha', 5.0), ('reg_lambda', 0.5), ('subsample', 0.4)])",0.5206456456456457,0.6173986486486486,0.4879139703083365,0.5232115677321156,0.5522260273972603,0.5402791719464014,0.04360970959134061,92
0,0.8409873962402343,0.007638128333688805,0.008816242218017578,0.00035260116941361114,0.8,0.03,20,4,50,1.0,1.0,0.4,"OrderedDict([('colsample_bytree', 0.8), ('learning_rate', 0.03), ('max_depth', 20), ('min_child_weight', 4), ('n_estimators', 50), ('reg_alpha', 1.0), ('reg_lambda', 1.0), ('subsample', 0.4)])",0.5429804804804805,0.6256569069069069,0.4868671488389798,0.5300608828006088,0.5134132420091324,0.5397957322072218,0.04684980674829839,93
10,0.15147786140441893,0.008885945920786412,0.00938720703125,0.0007385427391905165,0.8,0.03,6,4,50,1.0,1.0,0.4,"OrderedDict([('colsample_bytree', 0.8), ('learning_rate', 0.03), ('max_depth', 6), ('min_child_weight', 4), ('n_estimators', 50), ('reg_alpha', 1.0), ('reg_lambda', 1.0), ('subsample', 0.4)])",0.5429804804804805,0.6256569069069069,0.4868671488389798,0.5300608828006088,0.5134132420091324,0.5397957322072218,0.04684980674829839,93
129,0.09542961120605468,0.003669266584243453,0.009745264053344726,0.00035565773304985465,0.8,0.03,8,6,20,5.0,5.0,0.6,"OrderedDict([('colsample_bytree', 0.8), ('learning_rate', 0.03), ('max_depth', 8), ('min_child_weight', 6), ('n_estimators', 20), ('reg_alpha', 5.0), ('reg_lambda', 5.0), ('subsample', 0.6)])",0.5141704204204205,0.6182432432432432,0.47792158355538633,0.5293949771689498,0.5578386605783866,0.5395137769932773,0.04705827098219118,95
6,0.14330558776855468,0.0016382181792909472,0.009139347076416015,0.0003838248982333664,1.0,0.1,6,6,50,1.0,0.0,0.4,"OrderedDict([('colsample_bytree', 1.0), ('learning_rate', 0.1), ('max_depth', 6), ('min_child_weight', 6), ('n_estimators', 50), ('reg_alpha', 1.0), ('reg_lambda', 0.0), ('subsample', 0.4)])",0.5734797297297297,0.6257507507507507,0.5043776170536733,0.4977168949771689,0.4957191780821918,0.5394088341187029,0.05194216494999072,96
101,0.14419260025024414,0.004871598316142814,0.010182857513427734,0.0005593338484114512,0.8,0.3,8,6,50,1.0,1.0,0.4,"OrderedDict([('colsample_bytree', 0.8), ('learning_rate', 0.3), ('max_depth', 8), ('min_child_weight', 6), ('n_estimators', 50), ('reg_alpha', 1.0), ('reg_lambda', 1.0), ('subsample', 0.4)])",0.5764827327327328,0.6361674174174174,0.5059002664636467,0.504851598173516,0.47269786910197875,0.5392199767778584,0.0591673872684422,97
131,0.4738417625427246,0.008351477291580986,0.009728717803955077,0.0003788172594259756,1.0,0.5,20,6,20,5.0,0.0,0.6,"OrderedDict([('colsample_bytree', 1.0), ('learning_rate', 0.5), ('max_depth', 20), ('min_child_weight', 6), ('n_estimators', 20), ('reg_alpha', 5.0), ('reg_lambda', 0.0), ('subsample', 0.6)])",0.555837087087087,0.6496809309309309,0.45108488770460603,0.5172184170471841,0.5214992389649924,0.5390641123469602,0.06487451947258964,98
120,0.46738524436950685,0.047544554275165296,0.009255409240722656,0.0006505169207356874,1.0,0.05,20,2,20,5.0,0.5,0.6,"OrderedDict([('colsample_bytree', 1.0), ('learning_rate', 0.05), ('max_depth', 20), ('min_child_weight', 2), ('n_estimators', 20), ('reg_alpha', 5.0), ('reg_lambda', 0.5), ('subsample', 0.6)])",0.5483295795795796,0.6595345345345346,0.4627902550437762,0.5192161339421614,0.5017123287671232,0.5383165663734351,0.06663779208742934,99
71,0.09109482765197754,0.006421025606036504,0.008638381958007812,0.00022488481604555942,1.0,0.3,8,6,20,5.0,0.5,0.6,"OrderedDict([('colsample_bytree', 1.0), ('learning_rate', 0.3), ('max_depth', 8), ('min_child_weight', 6), ('n_estimators', 20), ('reg_alpha', 5.0), ('reg_lambda', 0.5), ('subsample', 0.6)])",0.5388513513513513,0.6317567567567568,0.47487628473543964,0.5156963470319634,0.5289193302891934,0.5380200140329409,0.05168281563687914,100
46,0.09681282043457032,0.0023380676036425397,0.009619331359863282,0.00047004725886243043,1.0,0.03,8,6,20,0.0,0.0,0.4,"OrderedDict([('colsample_bytree', 1.0), ('learning_rate', 0.03), ('max_depth', 8), ('min_child_weight', 6), ('n_estimators', 20), ('reg_alpha', 0.0), ('reg_lambda', 0.0), ('subsample', 0.4)])",0.4995307807807808,0.6326951951951951,0.49619337647506667,0.5111301369863014,0.5496575342465754,0.5378414047367839,0.051093280324804737,101
119,0.09685907363891602,0.0016281610778805249,0.009661865234375,0.00019780285878402367,0.6,0.03,12,4,20,5.0,0.5,0.6,"OrderedDict([('colsample_bytree', 0.6), ('learning_rate', 0.03), ('max_depth', 12), ('min_child_weight', 4), ('n_estimators', 20), ('reg_alpha', 5.0), ('reg_lambda', 0.5), ('subsample', 0.6)])",0.5154842342342343,0.6273460960960962,0.4819185382565665,0.521689497716895,0.5410007610350076,0.5374878254677599,0.0488027466126055,102
4,3.199433755874634,0.07104201207715467,0.009328222274780274,0.0005936075208313209,0.8,0.05,20,4,200,5.0,5.0,0.4,"OrderedDict([('colsample_bytree', 0.8), ('learning_rate', 0.05), ('max_depth', 20), ('min_child_weight', 4), ('n_estimators', 200), ('reg_alpha', 5.0), ('reg_lambda', 5.0), ('subsample', 0.4)])",0.5320007507507508,0.622653903903904,0.476969927674153,0.5221651445966514,0.5306316590563166,0.5368842771963551,0.0473830245401422,103
52,0.14324240684509276,0.0023838827865699723,0.009678506851196289,0.0002645609525777486,0.8,0.3,12,6,50,0.0,5.0,0.4,"OrderedDict([('colsample_bytree', 0.8), ('learning_rate', 0.3), ('max_depth', 12), ('min_child_weight', 6), ('n_estimators', 50), ('reg_alpha', 0.0), ('reg_lambda', 5.0), ('subsample', 0.4)])",0.5753566066066066,0.6401088588588589,0.5015226494099734,0.5083713850837138,0.458238203957382,0.536719540783307,0.06384971929689362,104
72,0.18751120567321777,0.00953810356569967,0.008721733093261718,0.00032332662838535474,0.6,0.075,8,6,100,0.0,0.0,0.4,"OrderedDict([('colsample_bytree', 0.6), ('learning_rate', 0.075), ('max_depth', 8), ('min_child_weight', 6), ('n_estimators', 100), ('reg_alpha', 0.0), ('reg_lambda', 0.0), ('subsample', 0.4)])",0.5584647147147147,0.6354166666666667,0.48791397030833655,0.4894406392694063,0.5122716894977168,0.5367015360913683,0.055549886221897944,105
24,0.12302789688110352,0.0022724802630408303,0.009852266311645508,0.0003960459309283224,0.6,0.5,8,6,50,0.5,0.5,0.4,"OrderedDict([('colsample_bytree', 0.6), ('learning_rate', 0.5), ('max_depth', 8), ('min_child_weight', 6), ('n_estimators', 50), ('reg_alpha', 0.5), ('reg_lambda', 0.5), ('subsample', 0.4)])",0.5802364864864865,0.6323198198198199,0.49010277883517317,0.5449010654490106,0.43274353120243525,0.536060736358585,0.06940034323775131,106
30,0.1348555088043213,0.004728187994557596,0.010094070434570312,0.0004060616173133235,1.0,0.03,6,2,20,1.0,5.0,0.6,"OrderedDict([('colsample_bytree', 1.0), ('learning_rate', 0.03), ('max_depth', 6), ('min_child_weight', 2), ('n_estimators', 20), ('reg_alpha', 1.0), ('reg_lambda', 5.0), ('subsample', 0.6)])",0.5396021021021021,0.670138888888889,0.47106966121050625,0.5242579908675798,0.47479071537290707,0.5359718716883969,0.07225871974265091,107
34,0.08106064796447754,0.0031978894833021034,0.01026921272277832,0.0006627235158326952,0.6,0.1,6,6,20,5.0,0.5,0.4,"OrderedDict([('colsample_bytree', 0.6), ('learning_rate', 0.1), ('max_depth', 6), ('min_child_weight', 6), ('n_estimators', 20), ('reg_alpha', 5.0), ('reg_lambda', 0.5), ('subsample', 0.4)])",0.5051614114114114,0.6314752252252253,0.4965740388275599,0.4983828006088279,0.547279299847793,0.5357745551841634,0.05130880189710369,108
93,0.13029584884643555,0.0037766860494392327,0.008620595932006836,0.00023774445597792137,0.6,0.05,8,4,50,1.0,0.0,0.4,"OrderedDict([('colsample_bytree', 0.6), ('learning_rate', 0.05), ('max_depth', 8), ('min_child_weight', 4), ('n_estimators', 50), ('reg_alpha', 1.0), ('reg_lambda', 0.0), ('subsample', 0.4)])",0.5239301801801801,0.6291291291291292,0.4923867529501333,0.5180745814307458,0.5117960426179604,0.5350633372616297,0.04821534208003288,109
38,0.1491565227508545,0.004611433739992803,0.00974884033203125,0.0004625136725719948,1.0,0.1,12,4,50,5.0,0.5,0.4,"OrderedDict([('colsample_bytree', 1.0), ('learning_rate', 0.1), ('max_depth', 12), ('min_child_weight', 4), ('n_estimators', 50), ('reg_alpha', 5.0), ('reg_lambda', 0.5), ('subsample', 0.4)])",0.5305930930930931,0.6196509009009009,0.50142748382185,0.5019025875190258,0.521404109589041,0.5349956349847822,0.04380090535157509,110
12,0.24041943550109862,0.012092371468564015,0.010263967514038085,0.0005811516399525315,0.8,0.3,12,6,100,0.5,0.5,0.4,"OrderedDict([('colsample_bytree', 0.8), ('learning_rate', 0.3), ('max_depth', 12), ('min_child_weight', 6), ('n_estimators', 100), ('reg_alpha', 0.5), ('reg_lambda', 0.5), ('subsample', 0.4)])",0.5682244744744744,0.6384196696696698,0.49724019794442326,0.5123668188736682,0.4580479452054794,0.534859821233543,0.06270419093573949,111
141,0.09403414726257324,0.002907860435053406,0.008769702911376954,0.0004110264224329853,1.0,0.075,8,4,20,5.0,5.0,0.6,"OrderedDict([('colsample_bytree', 1.0), ('learning_rate', 0.075), ('max_depth', 8), ('min_child_weight', 4), ('n_estimators', 20), ('reg_alpha', 5.0), ('reg_lambda', 5.0), ('subsample', 0.6)])",0.5248686186186187,0.6321321321321322,0.4831556909021698,0.5214992389649924,0.5123668188736682,0.5348044998983161,0.05083201491586433,112
43,0.5144657611846923,0.02236713239883998,0.010097646713256836,0.00022844200790107883,1.0,0.05,20,2,20,5.0,0.5,0.4,"OrderedDict([('colsample_bytree', 1.0), ('learning_rate', 0.05), ('max_depth', 20), ('min_child_weight', 2), ('n_estimators', 20), ('reg_alpha', 5.0), ('reg_lambda', 0.5), ('subsample', 0.4)])",0.5268393393393394,0.6212462462462462,0.4976208602969166,0.5268264840182648,0.5012366818873668,0.5347539223576268,0.04496371137123222,113
47,0.49609055519104006,0.012583813977457245,0.009755706787109375,0.0004212184592315635,1.0,0.1,20,4,20,0.5,0.0,0.4,"OrderedDict([('colsample_bytree', 1.0), ('learning_rate', 0.1), ('max_depth', 20), ('min_child_weight', 4), ('n_estimators', 20), ('reg_alpha', 0.5), ('reg_lambda', 0.0), ('subsample', 0.4)])",0.5687875375375375,0.633445945945946,0.4764940997335364,0.5096080669710806,0.4841133942161339,0.5344898088808469,0.05914226537475451,114
22,0.6337330341339111,0.03127714929349052,0.00983567237854004,0.0005864913363798146,0.8,0.05,6,4,400,5.0,5.0,0.4,"OrderedDict([('colsample_bytree', 0.8), ('learning_rate', 0.05), ('max_depth', 6), ('min_child_weight', 4), ('n_estimators', 400), ('reg_alpha', 5.0), ('reg_lambda', 5.0), ('subsample', 0.4)])",0.5367867867867868,0.6265953453453453,0.4609821088694329,0.5188356164383561,0.5260654490106544,0.5338530612901151,0.053303066063143105,115
57,0.11742930412292481,0.00550513576105827,0.009571647644042969,0.0003736507533563287,1.0,0.1,6,4,20,0.0,5.0,0.6,"OrderedDict([('colsample_bytree', 1.0), ('learning_rate', 0.1), ('max_depth', 6), ('min_child_weight', 4), ('n_estimators', 20), ('reg_alpha', 0.0), ('reg_lambda', 5.0), ('subsample', 0.6)])",0.5538663663663664,0.6626313813813814,0.4521317091739628,0.5197869101978692,0.4765030441400304,0.5329838822519221,0.07368293046555442,116
45,0.21178550720214845,0.013103228290788365,0.01015610694885254,0.0007914607934563691,0.8,0.1,6,4,100,5.0,0.5,0.4,"OrderedDict([('colsample_bytree', 0.8), ('learning_rate', 0.1), ('max_depth', 6), ('min_child_weight', 4), ('n_estimators', 100), ('reg_alpha', 5.0), ('reg_lambda', 0.5), ('subsample', 0.4)])",0.5251501501501502,0.614771021021021,0.4902931100114199,0.506468797564688,0.5238774733637748,0.5321121104222108,0.04325547810246128,117
75,0.19319610595703124,0.008429784042585946,0.01075739860534668,0.00038266885756915763,0.6,0.3,12,6,100,5.0,0.0,1.0,"OrderedDict([('colsample_bytree', 0.6), ('learning_rate', 0.3), ('max_depth', 12), ('min_child_weight', 6), ('n_estimators', 100), ('reg_alpha', 5.0), ('reg_lambda', 0.0), ('subsample', 1.0)])",0.5382882882882882,0.6375750750750749,0.4491815759421393,0.5229261796042618,0.5082762557077626,0.5312494749235054,0.06113405635240854,118
54,0.565541410446167,0.021741486852343107,0.010586929321289063,0.0003000692477559596,0.8,0.3,20,2,20,0.0,5.0,0.4,"OrderedDict([('colsample_bytree', 0.8), ('learning_rate', 0.3), ('max_depth', 20), ('min_child_weight', 2), ('n_estimators', 20), ('reg_alpha', 0.0), ('reg_lambda', 5.0), ('subsample', 0.4)])",0.5574324324324325,0.647240990990991,0.45860296916634946,0.5487062404870624,0.4393074581430746,0.530258018243982,0.07506031180874442,119
23,0.09549283981323242,0.0024031649629690575,0.009954690933227539,0.0005525610716003113,0.8,0.5,12,4,20,1.0,5.0,0.4,"OrderedDict([('colsample_bytree', 0.8), ('learning_rate', 0.5), ('max_depth', 12), ('min_child_weight', 4), ('n_estimators', 20), ('reg_alpha', 1.0), ('reg_lambda', 5.0), ('subsample', 0.4)])",0.5704767267267268,0.6313813813813813,0.47487628473543964,0.5455669710806698,0.4268455098934551,0.5298293747635345,0.07188630987161133,120
11,3.8860216617584227,0.5310422699908126,0.00979609489440918,0.0005116622998729997,1.0,0.05,20,4,200,0.5,5.0,0.4,"OrderedDict([('colsample_bytree', 1.0), ('learning_rate', 0.05), ('max_depth', 20), ('min_child_weight', 4), ('n_estimators', 200), ('reg_alpha', 0.5), ('reg_lambda', 5.0), ('subsample', 0.4)])",0.5544294294294294,0.6335397897897899,0.46041111534069284,0.5292047184170472,0.47155631659056313,0.5298282739135045,0.0625716343307452,121
37,0.3705874443054199,0.005807079994212151,0.009017133712768554,0.0004584462223101797,0.8,0.1,12,6,200,0.0,5.0,0.4,"OrderedDict([('colsample_bytree', 0.8), ('learning_rate', 0.1), ('max_depth', 12), ('min_child_weight', 6), ('n_estimators', 200), ('reg_alpha', 0.0), ('reg_lambda', 5.0), ('subsample', 0.4)])",0.5533971471471472,0.6398273273273273,0.474400456794823,0.5027587519025876,0.4730783866057839,0.5286924139555338,0.06272859681214056,122
80,1.9607988357543946,0.031090010977708655,0.010025405883789062,0.0005656864250739816,1.0,0.3,20,6,100,5.0,0.5,1.0,"OrderedDict([('colsample_bytree', 1.0), ('learning_rate', 0.3), ('max_depth', 20), ('min_child_weight', 6), ('n_estimators', 100), ('reg_alpha', 5.0), ('reg_lambda', 0.5), ('subsample', 1.0)])",0.5265578078078078,0.6415165165165165,0.4363342215454892,0.5252092846270929,0.5115106544901065,0.5282256969974026,0.06568123977514324,123
137,0.3885376453399658,0.008209535885096623,0.00981888771057129,0.0008888743528804571,0.8,0.075,8,6,200,0.5,0.0,0.4,"OrderedDict([('colsample_bytree', 0.8), ('learning_rate', 0.075), ('max_depth', 8), ('min_child_weight', 6), ('n_estimators', 200), ('reg_alpha', 0.5), ('reg_lambda', 0.0), ('subsample', 0.4)])",0.5564001501501502,0.6398273273273273,0.4723068138561096,0.4991438356164384,0.4687024353120243,0.5272761124524099,0.06443587507519442,124
59,0.5612975120544433,0.027120558905075375,0.00938568115234375,0.0003734354580724003,1.0,0.03,12,6,200,5.0,0.5,1.0,"OrderedDict([('colsample_bytree', 1.0), ('learning_rate', 0.03), ('max_depth', 12), ('min_child_weight', 6), ('n_estimators', 200), ('reg_alpha', 5.0), ('reg_lambda', 0.5), ('subsample', 1.0)])",0.5226163663663664,0.6354166666666666,0.4466121050628093,0.5138888888888888,0.5096080669710806,0.5256284187911624,0.06115648436816161,125
84,0.171889591217041,0.007380939399261577,0.010170364379882812,0.0008718797941805713,0.6,0.075,8,6,50,0.5,1.0,1.0,"OrderedDict([('colsample_bytree', 0.6), ('learning_rate', 0.075), ('max_depth', 8), ('min_child_weight', 6), ('n_estimators', 50), ('reg_alpha', 0.5), ('reg_lambda', 1.0), ('subsample', 1.0)])",0.5605292792792793,0.6228415915915916,0.43852303007232585,0.5140791476407915,0.4846841704718417,0.5241314438111659,0.06333155964711754,126
9,1.663138198852539,0.044495574376517806,0.008960342407226563,0.00019196984303560276,0.6,0.075,20,4,100,5.0,1.0,1.0,"OrderedDict([('colsample_bytree', 0.6), ('learning_rate', 0.075), ('max_depth', 20), ('min_child_weight', 4), ('n_estimators', 100), ('reg_alpha', 5.0), ('reg_lambda', 1.0), ('subsample', 1.0)])",0.5369744744744746,0.6301614114114115,0.4414731633041492,0.5097983257229832,0.5,0.5236814749826036,0.06168701856486877,127
28,0.11753787994384765,0.00243310831624122,0.00894479751586914,0.00041761311201905045,0.8,0.1,12,6,20,0.0,0.0,1.0,"OrderedDict([('colsample_bytree', 0.8), ('learning_rate', 0.1), ('max_depth', 12), ('min_child_weight', 6), ('n_estimators', 20), ('reg_alpha', 0.0), ('reg_lambda', 0.0), ('subsample', 1.0)])",0.5740427927927927,0.6095157657657657,0.4247240197944423,0.5132229832572298,0.49115296803652975,0.5225317059293519,0.06458674742093096,128
76,0.08916764259338379,0.0013296645530197183,0.009487771987915039,0.0001941633013113961,0.6,0.3,12,6,20,1.0,0.0,0.6,"OrderedDict([('colsample_bytree', 0.6), ('learning_rate', 0.3), ('max_depth', 12), ('min_child_weight', 6), ('n_estimators', 20), ('reg_alpha', 1.0), ('reg_lambda', 0.0), ('subsample', 0.6)])",0.558277027027027,0.6288475975975977,0.4494670727065094,0.5169330289193304,0.4521499238964992,0.5211349300293927,0.06766745590220984,129
3,0.5207353115081788,0.012396703264087473,0.009536647796630859,0.0004773485921922142,1.0,0.03,6,6,200,0.5,5.0,0.6,"OrderedDict([('colsample_bytree', 1.0), ('learning_rate', 0.03), ('max_depth', 6), ('min_child_weight', 6), ('n_estimators', 200), ('reg_alpha', 0.5), ('reg_lambda', 5.0), ('subsample', 0.6)])",0.5433558558558558,0.6334459459459459,0.44661210506280935,0.5188356164383561,0.46147260273972596,0.5207444252085385,0.06667128760167627,130
31,1.095863151550293,0.04487325487431815,0.012335538864135742,0.0013668761666551634,0.6,0.1,12,2,400,5.0,1.0,0.6,"OrderedDict([('colsample_bytree', 0.6), ('learning_rate', 0.1), ('max_depth', 12), ('min_child_weight', 2), ('n_estimators', 400), ('reg_alpha', 5.0), ('reg_lambda', 1.0), ('subsample', 0.6)])",0.5295608108108109,0.6013513513513514,0.4294822992006091,0.55441400304414,0.4855403348554034,0.5200697598524628,0.05877869243743676,131
81,0.43073453903198244,0.018138172586537837,0.009419393539428712,0.00046486696324601055,0.8,0.03,8,2,100,5.0,1.0,1.0,"OrderedDict([('colsample_bytree', 0.8), ('learning_rate', 0.03), ('max_depth', 8), ('min_child_weight', 2), ('n_estimators', 100), ('reg_alpha', 5.0), ('reg_lambda', 1.0), ('subsample', 1.0)])",0.513795045045045,0.6261261261261261,0.45964979063570616,0.5161719939117199,0.483162100456621,0.5197810112350436,0.05712240992085268,132
1,0.9203358650207519,0.01586843919149472,0.010686445236206054,0.00031758064972321444,0.6,0.03,6,2,400,0.0,1.0,0.4,"OrderedDict([('colsample_bytree', 0.6), ('learning_rate', 0.03), ('max_depth', 6), ('min_child_weight', 2), ('n_estimators', 400), ('reg_alpha', 0.0), ('reg_lambda', 1.0), ('subsample', 0.4)])",0.5394144144144144,0.595533033033033,0.4427103159497525,0.5471841704718418,0.4735540334855403,0.5196791934709164,0.054683720013126214,133
96,4.001511096954346,0.21584063312208654,0.01258230209350586,0.0007957668881135931,0.6,0.05,20,2,200,0.0,0.0,1.0,"OrderedDict([('colsample_bytree', 0.6), ('learning_rate', 0.05), ('max_depth', 20), ('min_child_weight', 2), ('n_estimators', 200), ('reg_alpha', 0.0), ('reg_lambda', 0.0), ('subsample', 1.0)])",0.5086336336336337,0.5690690690690691,0.4567948229920061,0.5411910197869102,0.522355403348554,0.5196087897660346,0.03737834731926809,134
127,0.29536728858947753,0.008591190655076955,0.009254646301269532,0.00040019302159553886,0.8,0.05,6,6,100,0.5,5.0,1.0,"OrderedDict([('colsample_bytree', 0.8), ('learning_rate', 0.05), ('max_depth', 6), ('min_child_weight', 6), ('n_estimators', 100), ('reg_alpha', 0.5), ('reg_lambda', 5.0), ('subsample', 1.0)])",0.5566816816816816,0.6238738738738738,0.4340502474305291,0.5004756468797564,0.4747907153729071,0.5179744330477496,0.0662227341404478,135
68,0.4165215015411377,0.008007480217939006,0.010191965103149413,0.0005924179142372158,1.0,0.1,8,2,100,1.0,5.0,0.4,"OrderedDict([('colsample_bytree', 1.0), ('learning_rate', 0.1), ('max_depth', 8), ('min_child_weight', 2), ('n_estimators', 100), ('reg_alpha', 1.0), ('reg_lambda', 5.0), ('subsample', 0.4)])",0.5518018018018018,0.6266891891891891,0.4280548153787591,0.5275875190258752,0.4532914764079148,0.5174849603607081,0.07116716251978789,136
39,1.2584099292755127,0.04897505389798303,0.010373115539550781,0.00031601250803423546,0.8,0.05,20,4,50,0.0,5.0,1.0,"OrderedDict([('colsample_bytree', 0.8), ('learning_rate', 0.05), ('max_depth', 20), ('min_child_weight', 4), ('n_estimators', 50), ('reg_alpha', 0.0), ('reg_lambda', 5.0), ('subsample', 1.0)])",0.5259947447447447,0.62621996996997,0.4460411115340692,0.5117009132420092,0.47669330289193296,0.5173300084765453,0.061151020841588376,137
64,4.615988683700562,0.04664699606461033,0.010910367965698243,0.00015009047766740207,1.0,0.3,20,2,200,5.0,1.0,0.6,"OrderedDict([('colsample_bytree', 1.0), ('learning_rate', 0.3), ('max_depth', 20), ('min_child_weight', 2), ('n_estimators', 200), ('reg_alpha', 5.0), ('reg_lambda', 1.0), ('subsample', 0.6)])",0.50121996996997,0.5778903903903904,0.4773505900266463,0.5548896499238964,0.4738394216133942,0.5170380043848595,0.042017088374215784,138
13,0.21133198738098144,0.009463762299486046,0.009325695037841798,0.0004505295755394268,0.8,0.5,8,2,50,0.0,0.0,0.4,"OrderedDict([('colsample_bytree', 0.8), ('learning_rate', 0.5), ('max_depth', 8), ('min_child_weight', 2), ('n_estimators', 50), ('reg_alpha', 0.0), ('reg_lambda', 0.0), ('subsample', 0.4)])",0.5145457957957958,0.59496996996997,0.4400456794822992,0.5409056316590563,0.49419710806697104,0.5169328369948185,0.05118346477704791,139
2,0.3447860240936279,0.009522807106961838,0.009528827667236329,0.0002960075650261458,0.6,0.3,8,4,200,1.0,1.0,0.4,"OrderedDict([('colsample_bytree', 0.6), ('learning_rate', 0.3), ('max_depth', 8), ('min_child_weight', 4), ('n_estimators', 200), ('reg_alpha', 1.0), ('reg_lambda', 1.0), ('subsample', 0.4)])",0.5508633633633634,0.6144894894894894,0.46079177769318613,0.501617199391172,0.44872526636225263,0.5152974192598927,0.06114551184851764,140
25,0.25206823348999025,0.008145635823023845,0.009496164321899415,0.0001573549183874837,0.6,0.5,8,4,100,0.5,1.0,0.6,"OrderedDict([('colsample_bytree', 0.6), ('learning_rate', 0.5), ('max_depth', 8), ('min_child_weight', 4), ('n_estimators', 100), ('reg_alpha', 0.5), ('reg_lambda', 1.0), ('subsample', 0.6)])",0.5583708708708709,0.590183933933934,0.4517510468214693,0.5121765601217656,0.4541476407914764,0.5133260105079034,0.05519249345690193,141
67,0.12006154060363769,0.003670378511388593,0.008942604064941406,0.00029602594591828375,0.6,0.075,8,2,20,1.0,0.5,1.0,"OrderedDict([('colsample_bytree', 0.6), ('learning_rate', 0.075), ('max_depth', 8), ('min_child_weight', 2), ('n_estimators', 20), ('reg_alpha', 1.0), ('reg_lambda', 0.5), ('subsample', 1.0)])",0.507225975975976,0.578734984984985,0.43481157213551586,0.515220700152207,0.5234018264840183,0.5118790119465404,0.04598848614298038,142
27,0.20069046020507814,0.003698614223727102,0.008753156661987305,0.00019535079688625325,1.0,0.3,6,2,50,1.0,0.5,1.0,"OrderedDict([('colsample_bytree', 1.0), ('learning_rate', 0.3), ('max_depth', 6), ('min_child_weight', 2), ('n_estimators', 50), ('reg_alpha', 1.0), ('reg_lambda', 0.5), ('subsample', 1.0)])",0.4869557057057057,0.5657845345345345,0.44318614389036926,0.5617389649923896,0.5005707762557077,0.5116472250757413,0.04660323844465757,143
8,0.2725657939910889,0.003362181045673224,0.009114503860473633,0.0004504435343689933,0.8,0.075,12,6,100,0.0,0.0,0.6,"OrderedDict([('colsample_bytree', 0.8), ('learning_rate', 0.075), ('max_depth', 12), ('min_child_weight', 6), ('n_estimators', 100), ('reg_alpha', 0.0), ('reg_lambda', 0.0), ('subsample', 0.6)])",0.5418543543543543,0.6328828828828827,0.43937952036543587,0.5035197869101978,0.4397831050228311,0.5114839299071403,0.07219909999831635,144
19,0.5649442672729492,0.0075250044542515,0.00897045135498047,0.0002439092400171527,1.0,0.5,12,6,400,5.0,0.0,0.4,"OrderedDict([('colsample_bytree', 1.0), ('learning_rate', 0.5), ('max_depth', 12), ('min_child_weight', 6), ('n_estimators', 400), ('reg_alpha', 5.0), ('reg_lambda', 0.0), ('subsample', 0.4)])",0.530593093093093,0.6104542042042042,0.4553673391701561,0.4957191780821918,0.45576484018264835,0.5095797309464587,0.057696380405471724,145
85,0.5171977519989014,0.026888597132000057,0.009967374801635741,0.0005107438928111128,1.0,0.3,20,6,20,1.0,0.0,1.0,"OrderedDict([('colsample_bytree', 1.0), ('learning_rate', 0.3), ('max_depth', 20), ('min_child_weight', 6), ('n_estimators', 20), ('reg_alpha', 1.0), ('reg_lambda', 0.0), ('subsample', 1.0)])",0.5338776276276276,0.6122372372372372,0.4369052150742292,0.4818302891933029,0.4707952815829528,0.5071291301430699,0.061081542951676025,146
7,3.304754686355591,0.04384310767808169,0.010159873962402343,0.000833545131457174,0.8,0.075,20,6,200,0.5,0.5,0.6,"OrderedDict([('colsample_bytree', 0.8), ('learning_rate', 0.075), ('max_depth', 20), ('min_child_weight', 6), ('n_estimators', 200), ('reg_alpha', 0.5), ('reg_lambda', 0.5), ('subsample', 0.6)])",0.5418543543543543,0.6293168168168168,0.41815759421393217,0.5080859969558599,0.4295091324200913,0.5053847789522109,0.07753988910492836,147
83,1.1040410995483398,0.040191062118572395,0.011274766921997071,0.0006066038586548002,0.8,0.3,6,4,400,0.0,0.0,0.6,"OrderedDict([('colsample_bytree', 0.8), ('learning_rate', 0.3), ('max_depth', 6), ('min_child_weight', 4), ('n_estimators', 400), ('reg_alpha', 0.0), ('reg_lambda', 0.0), ('subsample', 0.6)])",0.5205518018018018,0.5850225225225225,0.4183479253901789,0.5392884322678844,0.4443493150684932,0.5015119994101761,0.061558778600315486,148
70,9.302975177764893,1.2721917765859563,0.013167333602905274,0.0013687792015833961,1.0,0.1,20,4,400,1.0,0.5,1.0,"OrderedDict([('colsample_bytree', 1.0), ('learning_rate', 0.1), ('max_depth', 20), ('min_child_weight', 4), ('n_estimators', 400), ('reg_alpha', 1.0), ('reg_lambda', 0.5), ('subsample', 1.0)])",0.5051614114114114,0.5726351351351351,0.43347925390178915,0.521404109589041,0.4605213089802131,0.4986402438035179,0.04844578609680297,149
5,0.16128206253051758,0.00423439935703348,0.009237575531005859,0.0003894757745484241,0.8,0.5,8,6,50,0.5,0.0,0.6,"OrderedDict([('colsample_bytree', 0.8), ('learning_rate', 0.5), ('max_depth', 8), ('min_child_weight', 6), ('n_estimators', 50), ('reg_alpha', 0.5), ('reg_lambda', 0.0), ('subsample', 0.6)])",0.5713213213213213,0.5871809309309308,0.41054434716406546,0.493531202435312,0.4036339421613394,0.49324234880259377,0.07718742464167865,150
